J-Date,Date,Open,High,Low,Close,Final,Volume,Value,No,Ticker,Name,Market
1399-10-13,2021-01-02,81400,81600,80100,80508,80670,503334,40603752645,905,طلا,صندوق س.پشتوانه طلای لوتوس,نامعلوم
1399-10-14,2021-01-03,81140,81700,80830,81600,81341,568018,46203237316,709,طلا,صندوق س.پشتوانه طلای لوتوس,نامعلوم
1399-10-15,2021-01-04,84000,85490,84000,84800,84669,630062,53346516086,1025,طلا,صندوق س.پشتوانه طلای لوتوس,نامعلوم
1399-10-16,2021-01-05,85700,89477,85500,88994,87868,1246916,109564521819,1820,طلا,صندوق س.پشتوانه طلای لوتوس,نامعلوم
1399-10-17,2021-01-06,89000,89000,86220,88002,87735,865185,75906753822,1269,طلا,صندوق س.پشتوانه طلای لوتوس,نامعلوم
1399-10-20,2021-01-09,78962,79750,78962,78962,79055,1233088,97482215063,2011,طلا,صندوق س.پشتوانه طلای لوتوس,نامعلوم
1399-10-21,2021-01-10,80100,81000,79100,80200,79926,469101,37493217249,1131,طلا,صندوق س.پشتوانه طلای لوتوس,نامعلوم
1399-10-22,2021-01-11,80500,80500,78900,79002,79258,258625,20498105801,762,طلا,صندوق س.پشتوانه طلای لوتوس,نامعلوم
1399-10-23,2021-01-12,79500,79680,78600,79100,79377,316876,25152651268,628,طلا,صندوق س.پشتوانه طلای لوتوس,نامعلوم
1399-10-24,2021-01-13,78002,78699,76605,77370,77430,472850,36612822613,878,طلا,صندوق س.پشتوانه طلای لوتوس,نامعلوم
1399-10-27,2021-01-16,73500,73500,69687,70200,70436,1154808,81339742753,1332,طلا,صندوق س.پشتوانه طلای لوتوس,نامعلوم
1399-10-29,2021-01-18,65701,70000,65701,68270,67850,647435,43928456757,989,طلا,صندوق س.پشتوانه طلای لوتوس,نامعلوم
1399-10-30,2021-01-19,71300,74500,71300,73820,73067,1071105,78262874615,1347,طلا,صندوق س.پشتوانه طلای لوتوس,نامعلوم
1399-11-01,2021-01-20,76000,76498,74880,74901,75813,793346,60145835670,1237,طلا,صندوق س.پشتوانه طلای لوتوس,نامعلوم
1399-11-04,2021-01-23,75000,76100,73531,73997,74208,637339,47295604842,932,طلا,صندوق س.پشتوانه طلای لوتوس,نامعلوم
1399-11-05,2021-01-24,75001,76800,75001,75951,76240,441604,33667676375,825,طلا,صندوق س.پشتوانه طلای لوتوس,نامعلوم
1399-11-06,2021-01-25,75952,76500,75032,75480,75501,524949,39633961250,704,طلا,صندوق س.پشتوانه طلای لوتوس,نامعلوم
1399-11-07,2021-01-26,72610,74266,71620,72150,72280,1425102,103005998667,838,طلا,صندوق س.پشتوانه طلای لوتوس,نامعلوم
1399-11-08,2021-01-27,75100,75499,73550,74245,74616,647234,48294233736,856,طلا,صندوق س.پشتوانه طلای لوتوس,نامعلوم
1399-11-11,2021-01-30,77200,77777,76510,77186,77164,679212,52411010933,1072,طلا,صندوق س.پشتوانه طلای لوتوس,نامعلوم
1399-11-12,2021-01-31,77400,79900,77000,79255,78059,953983,74467128752,966,طلا,صندوق س.پشتوانه طلای لوتوس,نامعلوم
1399-11-13,2021-02-01,77900,78499,77400,77800,77856,484804,37744868249,617,طلا,صندوق س.پشتوانه طلای لوتوس,نامعلوم
1399-11-14,2021-02-02,78000,78497,77410,78010,77816,302887,23569486634,452,طلا,صندوق س.پشتوانه طلای لوتوس,نامعلوم
1399-11-15,2021-02-03,76200,77200,75025,76980,76533,304792,23326504081,386,طلا,صندوق س.پشتوانه طلای لوتوس,نامعلوم
1399-11-18,2021-02-06,77127,77199,76660,77050,76849,1041142,80010877358,550,طلا,صندوق س.پشتوانه طلای لوتوس,نامعلوم
1399-11-19,2021-02-07,77400,78789,77131,78506,77896,454145,35376055884,652,طلا,صندوق س.پشتوانه طلای لوتوس,نامعلوم
1399-11-20,2021-02-08,81010,82202,81010,82200,81691,746437,60977179330,1034,طلا,صندوق س.پشتوانه طلای لوتوس,نامعلوم
1399-11-21,2021-02-09,83750,86212,83750,85000,85196,898672,76563474103,1389,طلا,صندوق س.پشتوانه طلای لوتوس,نامعلوم
1399-11-25,2021-02-13,89790,89790,88001,88498,88600,881538,78104172326,1533,طلا,صندوق س.پشتوانه طلای لوتوس,نامعلوم
1399-11-26,2021-02-14,88420,88420,85509,87100,86727,650217,56391486283,1205,طلا,صندوق س.پشتوانه طلای لوتوس,نامعلوم
1399-11-27,2021-02-15,85702,85702,85001,85300,85308,657008,56048345502,789,طلا,صندوق س.پشتوانه طلای لوتوس,نامعلوم
1399-11-28,2021-02-16,86490,87290,85601,86998,86763,777100,67423884098,745,طلا,صندوق س.پشتوانه طلای لوتوس,نامعلوم
1399-11-29,2021-02-17,86499,87010,86000,86010,86204,727486,62712253069,739,طلا,صندوق س.پشتوانه طلای لوتوس,نامعلوم
1399-12-02,2021-02-20,81090,83970,81090,82984,83004,1239623,102893053367,899,طلا,صندوق س.پشتوانه طلای لوتوس,نامعلوم
1399-12-03,2021-02-21,80680,82742,79999,79999,81426,1270869,103481706045,1059,طلا,صندوق س.پشتوانه طلای لوتوس,نامعلوم
1399-12-04,2021-02-22,80500,81999,79850,79920,80410,579135,46568511125,933,طلا,صندوق س.پشتوانه طلای لوتوس,نامعلوم
1399-12-05,2021-02-23,80120,82900,80120,80501,80543,1306533,105231700477,844,طلا,صندوق س.پشتوانه طلای لوتوس,نامعلوم
1399-12-06,2021-02-24,81500,81670,80800,81400,81414,1434760,116808974253,740,طلا,صندوق س.پشتوانه طلای لوتوس,نامعلوم
1399-12-09,2021-02-27,80900,80900,80150,80650,80566,1109495,89387577851,574,طلا,صندوق س.پشتوانه طلای لوتوس,نامعلوم
1399-12-10,2021-02-28,80002,80150,79316,79699,79859,656461,52424648989,444,طلا,صندوق س.پشتوانه طلای لوتوس,نامعلوم
1399-12-11,2021-03-01,80750,81000,79960,80800,80375,1306708,105026180079,645,طلا,صندوق س.پشتوانه طلای لوتوس,نامعلوم
1399-12-12,2021-03-02,79050,79300,78202,78700,78891,528984,41731840071,587,طلا,صندوق س.پشتوانه طلای لوتوس,نامعلوم
1399-12-13,2021-03-03,78891,79600,78891,79176,79276,265562,21052665739,393,طلا,صندوق س.پشتوانه طلای لوتوس,نامعلوم
1399-12-16,2021-03-06,78497,78497,74761,75530,75816,393468,29830984748,1003,طلا,صندوق س.پشتوانه طلای لوتوس,نامعلوم
1399-12-17,2021-03-07,76000,76750,75030,75600,75638,468066,35403424184,678,طلا,صندوق س.پشتوانه طلای لوتوس,نامعلوم
1399-12-18,2021-03-08,75598,75598,75598,75598,75598,11130,841405740,16,طلا,صندوق س.پشتوانه طلای لوتوس,نامعلوم
1399-12-19,2021-03-09,75491,75491,74420,74502,74745,464040,34684715659,875,طلا,صندوق س.پشتوانه طلای لوتوس,نامعلوم
1399-12-20,2021-03-10,75450,75990,75300,75500,75384,982686,74078614451,658,طلا,صندوق س.پشتوانه طلای لوتوس,نامعلوم
1399-12-23,2021-03-13,77100,77500,75500,76720,76628,1978019,151571756923,945,طلا,صندوق س.پشتوانه طلای لوتوس,نامعلوم
1399-12-24,2021-03-14,77000,77000,74800,74800,75891,2136883,162169712245,1259,طلا,صندوق س.پشتوانه طلای لوتوس,نامعلوم
1399-12-25,2021-03-15,75600,76000,73810,74051,74464,1671761,124485355518,1497,طلا,صندوق س.پشتوانه طلای لوتوس,نامعلوم
1399-12-26,2021-03-16,75021,76500,75021,76399,76123,545733,41543039235,833,طلا,صندوق س.پشتوانه طلای لوتوس,نامعلوم
1399-12-27,2021-03-17,77477,77940,77110,77770,77700,449343,34913942994,700,طلا,صندوق س.پشتوانه طلای لوتوس,نامعلوم
1400-01-07,2021-03-27,78000,78698,78000,78355,78321,271158,21237379491,709,طلا,صندوق س.پشتوانه طلای لوتوس,نامعلوم
1400-01-08,2021-03-28,79100,80650,79100,80139,80228,424949,34092876894,939,طلا,صندوق س.پشتوانه طلای لوتوس,نامعلوم
1400-01-10,2021-03-30,80010,80200,78700,79112,79469,419398,33329170494,805,طلا,صندوق س.پشتوانه طلای لوتوس,نامعلوم
1400-01-11,2021-03-31,78620,79111,78200,79109,78748,200056,15754104663,487,طلا,صندوق س.پشتوانه طلای لوتوس,نامعلوم
1400-01-14,2021-04-03,76300,76880,75951,76500,76472,844378,64571332528,785,طلا,صندوق س.پشتوانه طلای لوتوس,نامعلوم
1400-01-15,2021-04-04,76000,77300,76000,76698,76591,173866,13316654951,461,طلا,صندوق س.پشتوانه طلای لوتوس,نامعلوم
1400-01-16,2021-04-05,76698,77650,76503,77330,77307,645979,49938753057,464,طلا,صندوق س.پشتوانه طلای لوتوس,نامعلوم
1400-01-17,2021-04-06,77850,77990,77150,77470,77684,215222,16719240719,467,طلا,صندوق س.پشتوانه طلای لوتوس,نامعلوم
1400-01-18,2021-04-07,77210,77750,76800,77700,77411,281022,21754143615,389,طلا,صندوق س.پشتوانه طلای لوتوس,نامعلوم
1400-01-21,2021-04-10,75501,76000,74712,74735,75108,270310,20302462102,624,طلا,صندوق س.پشتوانه طلای لوتوس,نامعلوم
1400-01-22,2021-04-11,74632,75030,74052,74200,74346,473404,35195562617,666,طلا,صندوق س.پشتوانه طلای لوتوس,نامعلوم
1400-01-23,2021-04-12,75100,75228,74618,74820,74939,170266,12759502643,435,طلا,صندوق س.پشتوانه طلای لوتوس,نامعلوم
1400-01-24,2021-04-13,74150,74799,74120,74455,74376,114843,8541617070,318,طلا,صندوق س.پشتوانه طلای لوتوس,نامعلوم
1400-01-25,2021-04-14,75100,75198,74800,75050,74933,385795,28908852334,491,طلا,صندوق س.پشتوانه طلای لوتوس,نامعلوم
1400-01-28,2021-04-17,75000,75460,75000,75147,75164,177059,13308420442,390,طلا,صندوق س.پشتوانه طلای لوتوس,نامعلوم
1400-01-29,2021-04-18,74400,74400,73501,74050,73937,463612,34278144344,589,طلا,صندوق س.پشتوانه طلای لوتوس,نامعلوم
1400-01-30,2021-04-19,74200,74200,72800,72818,73241,323398,23686130284,522,طلا,صندوق س.پشتوانه طلای لوتوس,نامعلوم
1400-01-31,2021-04-20,72000,72000,70800,71455,71315,443038,31595451593,623,طلا,صندوق س.پشتوانه طلای لوتوس,نامعلوم
1400-02-01,2021-04-21,71455,72000,71400,71900,71721,191872,13761246711,437,طلا,صندوق س.پشتوانه طلای لوتوس,نامعلوم
1400-02-04,2021-04-24,71002,71800,70605,71660,71200,736493,52438029631,593,طلا,صندوق س.پشتوانه طلای لوتوس,نامعلوم
1400-02-05,2021-04-25,72480,72499,71741,72250,72168,163691,11813230885,292,طلا,صندوق س.پشتوانه طلای لوتوس,نامعلوم
1400-02-06,2021-04-26,71200,71251,70365,70368,70799,260012,18408588651,653,طلا,صندوق س.پشتوانه طلای لوتوس,نامعلوم
1400-02-07,2021-04-27,70800,71176,70611,70770,70816,204976,14515638832,323,طلا,صندوق س.پشتوانه طلای لوتوس,نامعلوم
1400-02-08,2021-04-28,70700,71250,70402,70969,70956,794208,56353941908,332,طلا,صندوق س.پشتوانه طلای لوتوس,نامعلوم
1400-02-11,2021-05-01,70400,70400,68001,68500,68619,409347,28088817064,885,طلا,صندوق س.پشتوانه طلای لوتوس,نامعلوم
1400-02-12,2021-05-02,67000,67003,66450,66649,66706,293949,19608104389,789,طلا,صندوق س.پشتوانه طلای لوتوس,نامعلوم
1400-02-13,2021-05-03,66170,66933,66170,66583,66595,419882,27961929400,544,طلا,صندوق س.پشتوانه طلای لوتوس,نامعلوم
1400-02-15,2021-05-05,65210,65870,65170,65860,65416,565595,36999003986,784,طلا,صندوق س.پشتوانه طلای لوتوس,نامعلوم
1400-02-18,2021-05-08,65869,67948,65869,67900,67278,680956,45813606708,798,طلا,صندوق س.پشتوانه طلای لوتوس,نامعلوم
1400-02-19,2021-05-09,68700,68720,67850,68551,68270,615197,41999217057,657,طلا,صندوق س.پشتوانه طلای لوتوس,نامعلوم
1400-02-20,2021-05-10,69500,71000,69000,70848,69824,1182012,82533277079,1043,طلا,صندوق س.پشتوانه طلای لوتوس,نامعلوم
1400-02-21,2021-05-11,72223,72500,71100,71730,71792,1252512,89920593411,1051,طلا,صندوق س.پشتوانه طلای لوتوس,نامعلوم
1400-02-22,2021-05-12,72000,72336,71200,72250,71962,329566,23716281071,639,طلا,صندوق س.پشتوانه طلای لوتوس,نامعلوم
1400-02-25,2021-05-15,73150,73800,73000,73528,73326,757202,55522548139,718,طلا,صندوق س.پشتوانه طلای لوتوس,نامعلوم
1400-02-26,2021-05-16,74790,74800,72809,73050,73824,521772,38519266746,853,طلا,صندوق س.پشتوانه طلای لوتوس,نامعلوم
1400-02-27,2021-05-17,72300,72300,71600,71770,71811,357567,25677180998,504,طلا,صندوق س.پشتوانه طلای لوتوس,نامعلوم
1400-02-28,2021-05-18,72810,73200,72512,73150,73054,259230,18937662616,457,طلا,صندوق س.پشتوانه طلای لوتوس,نامعلوم
1400-02-29,2021-05-19,71196,71300,70160,71115,70870,331177,23470488996,408,طلا,صندوق س.پشتوانه طلای لوتوس,نامعلوم
1400-03-01,2021-05-22,71381,71381,70301,70683,70760,178256,12613454641,453,طلا,صندوق س.پشتوانه طلای لوتوس,نامعلوم
1400-03-02,2021-05-23,71117,72990,71117,72100,72286,472078,34124435057,384,طلا,صندوق س.پشتوانه طلای لوتوس,نامعلوم
1400-03-03,2021-05-24,73912,74197,73060,74099,73765,559790,41292642077,560,طلا,صندوق س.پشتوانه طلای لوتوس,نامعلوم
1400-03-04,2021-05-25,72550,74047,72550,73726,73770,2486610,183437411265,649,طلا,صندوق س.پشتوانه طلای لوتوس,نامعلوم
1400-03-05,2021-05-26,74500,76400,73650,75800,75266,3214232,241922978426,925,طلا,صندوق س.پشتوانه طلای لوتوس,نامعلوم
1400-03-08,2021-05-29,77000,78150,76160,77990,77420,2045758,158382744608,1443,طلا,صندوق س.پشتوانه طلای لوتوس,نامعلوم
1400-03-09,2021-05-30,78340,79000,76500,76800,77734,1430277,111181865555,1399,طلا,صندوق س.پشتوانه طلای لوتوس,نامعلوم
1400-03-10,2021-05-31,76500,76620,75000,76100,75948,1023360,77722212800,745,طلا,صندوق س.پشتوانه طلای لوتوس,نامعلوم
1400-03-11,2021-06-01,77400,77400,76840,77280,77161,232451,17936184817,453,طلا,صندوق س.پشتوانه طلای لوتوس,نامعلوم
1400-03-12,2021-06-02,77410,78690,77350,78180,78214,388541,30389188839,806,طلا,صندوق س.پشتوانه طلای لوتوس,نامعلوم
1400-03-17,2021-06-07,78200,78500,77700,77995,78029,353029,27546595265,793,طلا,صندوق س.پشتوانه طلای لوتوس,نامعلوم
1400-03-18,2021-06-08,78000,78000,76000,76995,76771,256117,19662295415,543,طلا,صندوق س.پشتوانه طلای لوتوس,نامعلوم
1400-03-19,2021-06-09,77270,77750,76570,77450,77365,199162,15408259498,427,طلا,صندوق س.پشتوانه طلای لوتوس,نامعلوم
1400-03-22,2021-06-12,76899,76899,75000,76096,75910,192831,14637707074,488,طلا,صندوق س.پشتوانه طلای لوتوس,نامعلوم
1400-03-23,2021-06-13,76770,77224,76420,76500,76693,703060,53919781018,653,طلا,صندوق س.پشتوانه طلای لوتوس,نامعلوم
1400-03-24,2021-06-14,76450,76450,75600,76070,76057,114162,8682803662,380,طلا,صندوق س.پشتوانه طلای لوتوس,نامعلوم
1400-03-25,2021-06-15,76666,76666,76100,76445,76355,160964,12290342498,322,طلا,صندوق س.پشتوانه طلای لوتوس,نامعلوم
1400-03-26,2021-06-16,76990,77200,76700,77070,77019,281750,21700106804,420,طلا,صندوق س.پشتوانه طلای لوتوس,نامعلوم
1400-03-29,2021-06-19,76010,76010,73900,74000,74426,399373,29723836150,1000,طلا,صندوق س.پشتوانه طلای لوتوس,نامعلوم
1400-03-30,2021-06-20,74102,74400,73700,73715,73870,410731,30340639670,665,طلا,صندوق س.پشتوانه طلای لوتوس,نامعلوم
1400-03-31,2021-06-21,74270,74799,73130,73700,73842,306623,22641745260,754,طلا,صندوق س.پشتوانه طلای لوتوس,نامعلوم
1400-04-01,2021-06-22,74350,74990,74000,74705,74486,449119,33453182804,502,طلا,صندوق س.پشتوانه طلای لوتوس,نامعلوم
1400-04-02,2021-06-23,74750,74750,74170,74280,74294,177271,13170125849,456,طلا,صندوق س.پشتوانه طلای لوتوس,نامعلوم
1400-04-05,2021-06-26,75500,76277,74810,76250,75553,994652,75148650282,772,طلا,صندوق س.پشتوانه طلای لوتوس,نامعلوم
1400-04-06,2021-06-27,76002,76040,75400,75999,75670,402676,30470647697,544,طلا,صندوق س.پشتوانه طلای لوتوس,نامعلوم
1400-04-07,2021-06-28,76550,77000,76550,76740,76663,890673,68281964023,769,طلا,صندوق س.پشتوانه طلای لوتوس,نامعلوم
1400-04-08,2021-06-29,77499,77711,76900,76964,77419,813332,62967467145,1225,طلا,صندوق س.پشتوانه طلای لوتوس,نامعلوم
1400-04-09,2021-06-30,77300,77497,77100,77237,77243,702087,54231355084,896,طلا,صندوق س.پشتوانه طلای لوتوس,نامعلوم
1400-04-12,2021-07-03,77500,78100,77130,77250,77486,610024,47268527338,787,طلا,صندوق س.پشتوانه طلای لوتوس,نامعلوم
1400-04-13,2021-07-04,77250,77669,76800,76800,77308,1056304,81660912310,834,طلا,صندوق س.پشتوانه طلای لوتوس,نامعلوم
1400-04-14,2021-07-05,76500,76600,76000,76190,76281,321671,24537494344,691,طلا,صندوق س.پشتوانه طلای لوتوس,نامعلوم
1400-04-15,2021-07-06,77000,77200,76245,77200,76856,850318,65351988150,672,طلا,صندوق س.پشتوانه طلای لوتوس,نامعلوم
1400-04-16,2021-07-07,77000,77200,76300,76500,76529,399483,30572029972,590,طلا,صندوق س.پشتوانه طلای لوتوس,نامعلوم
1400-04-19,2021-07-10,76099,76750,76099,76750,76498,470889,36021967884,525,طلا,صندوق س.پشتوانه طلای لوتوس,نامعلوم
1400-04-20,2021-07-11,77000,77000,76500,76790,76615,311102,23835098281,419,طلا,صندوق س.پشتوانه طلای لوتوس,نامعلوم
1400-04-21,2021-07-12,76800,76890,76100,76590,76540,153677,11762439673,465,طلا,صندوق س.پشتوانه طلای لوتوس,نامعلوم
1400-04-22,2021-07-13,76152,76588,75337,75540,75820,442167,33525261547,655,طلا,صندوق س.پشتوانه طلای لوتوس,نامعلوم
1400-04-23,2021-07-14,75501,75501,74995,75094,75056,351549,26385890939,638,طلا,صندوق س.پشتوانه طلای لوتوس,نامعلوم
1400-04-26,2021-07-17,75199,75500,75000,75115,75289,325320,24492870466,469,طلا,صندوق س.پشتوانه طلای لوتوس,نامعلوم
1400-04-27,2021-07-18,75100,75289,74600,74730,74784,220161,16464508385,444,طلا,صندوق س.پشتوانه طلای لوتوس,نامعلوم
1400-04-28,2021-07-19,75400,75400,74700,75000,74901,312807,23429602933,523,طلا,صندوق س.پشتوانه طلای لوتوس,نامعلوم
1400-05-04,2021-07-26,75600,82391,75300,78199,77100,2527878,194899257385,1468,طلا,صندوق س.پشتوانه طلای لوتوس,نامعلوم
1400-05-05,2021-07-27,78182,79500,78182,78799,78804,2140281,168662613165,1533,طلا,صندوق س.پشتوانه طلای لوتوس,نامعلوم
1400-05-06,2021-07-28,78800,82000,78799,80990,80038,5121114,409885037553,2394,طلا,صندوق س.پشتوانه طلای لوتوس,نامعلوم
1400-05-09,2021-07-31,81350,84869,81340,84640,83437,8520026,710882704034,4467,طلا,صندوق س.پشتوانه طلای لوتوس,نامعلوم
1400-05-10,2021-08-01,83920,84600,81500,81900,82731,2798780,231545014201,2678,طلا,صندوق س.پشتوانه طلای لوتوس,نامعلوم
1400-05-11,2021-08-02,81800,82800,81222,81334,82036,2161522,177323531009,1699,طلا,صندوق س.پشتوانه طلای لوتوس,نامعلوم
1400-05-12,2021-08-03,82046,84640,81403,84200,83038,4097493,340247568001,1851,طلا,صندوق س.پشتوانه طلای لوتوس,نامعلوم
1400-05-13,2021-08-04,84300,84300,82513,84100,83453,4063673,339125016315,1788,طلا,صندوق س.پشتوانه طلای لوتوس,نامعلوم
1400-05-16,2021-08-07,82000,83000,80500,82480,81361,3664765,298167308873,1764,طلا,صندوق س.پشتوانه طلای لوتوس,نامعلوم
1400-05-17,2021-08-08,82990,83200,82310,82400,82614,2403772,198585923233,1427,طلا,صندوق س.پشتوانه طلای لوتوس,نامعلوم
1400-05-18,2021-08-09,82000,82400,81487,82310,81799,2546614,208310986274,1160,طلا,صندوق س.پشتوانه طلای لوتوس,نامعلوم
1400-05-19,2021-08-10,82510,83200,81910,82405,82624,2674636,220990314251,1526,طلا,صندوق س.پشتوانه طلای لوتوس,نامعلوم
1400-05-20,2021-08-11,83500,85750,82890,85400,84334,5543510,467508293476,2573,طلا,صندوق س.پشتوانه طلای لوتوس,نامعلوم
1400-05-23,2021-08-14,85000,86500,84010,85490,85619,3667623,314019890064,2320,طلا,صندوق س.پشتوانه طلای لوتوس,نامعلوم
1400-05-24,2021-08-15,86000,86995,85500,86470,86395,3483829,300986123983,2328,طلا,صندوق س.پشتوانه طلای لوتوس,نامعلوم
1400-05-31,2021-08-22,87780,89500,86700,88550,88304,5650297,498941311567,3961,طلا,صندوق س.پشتوانه طلای لوتوس,نامعلوم
1400-06-01,2021-08-23,89400,89400,86550,87800,87475,3142937,274928281762,3072,طلا,صندوق س.پشتوانه طلای لوتوس,نامعلوم
1400-06-02,2021-08-24,89000,89479,87900,87900,88732,4886081,433553556414,3472,طلا,صندوق س.پشتوانه طلای لوتوس,نامعلوم
1400-06-03,2021-08-25,87751,88298,86800,88200,87638,2521474,220977114279,2463,طلا,صندوق س.پشتوانه طلای لوتوس,نامعلوم
1400-06-06,2021-08-28,88500,89200,88375,88799,88770,3132308,278055193340,2467,طلا,صندوق س.پشتوانه طلای لوتوس,نامعلوم
1400-06-07,2021-08-29,88687,88687,84000,85495,86070,3551372,305666751211,3338,طلا,صندوق س.پشتوانه طلای لوتوس,نامعلوم
1400-06-08,2021-08-30,85000,85000,82700,83313,83603,2571450,214981182464,2149,طلا,صندوق س.پشتوانه طلای لوتوس,نامعلوم
1400-06-09,2021-08-31,83607,85499,83607,85010,84754,2666799,226022202933,1893,طلا,صندوق س.پشتوانه طلای لوتوس,نامعلوم
1400-06-10,2021-09-01,85790,85900,84770,84890,85127,1500329,127717963324,1538,طلا,صندوق س.پشتوانه طلای لوتوس,نامعلوم
1400-06-13,2021-09-04,85450,85700,85003,85260,85428,1394814,119156597323,1273,طلا,صندوق س.پشتوانه طلای لوتوس,نامعلوم
1400-06-14,2021-09-05,85210,86600,85210,86400,86131,1401319,120697118488,1259,طلا,صندوق س.پشتوانه طلای لوتوس,نامعلوم
1400-06-15,2021-09-06,86399,86399,84901,85072,85415,735831,62851277039,1296,طلا,صندوق س.پشتوانه طلای لوتوس,نامعلوم
1400-06-16,2021-09-07,85072,85900,85001,85320,85423,1588677,135709966620,1211,طلا,صندوق س.پشتوانه طلای لوتوس,نامعلوم
1400-06-17,2021-09-08,85980,86500,85750,86322,86223,1428096,123134230593,1299,طلا,صندوق س.پشتوانه طلای لوتوس,نامعلوم
1400-06-20,2021-09-11,86760,86800,86000,86400,86463,1264237,109310046155,1026,طلا,صندوق س.پشتوانه طلای لوتوس,نامعلوم
1400-06-21,2021-09-12,85901,85901,84850,85400,85298,1083076,92383948965,1003,طلا,صندوق س.پشتوانه طلای لوتوس,نامعلوم
1400-06-22,2021-09-13,84499,84499,83512,84090,83941,2323638,195049526917,1484,طلا,صندوق س.پشتوانه طلای لوتوس,نامعلوم
1400-06-23,2021-09-14,84754,85000,84400,84800,84758,1266873,107377464767,1012,طلا,صندوق س.پشتوانه طلای لوتوس,نامعلوم
1400-06-24,2021-09-15,83661,84684,83661,84201,84267,604890,50972169470,695,طلا,صندوق س.پشتوانه طلای لوتوس,نامعلوم
1400-06-27,2021-09-18,83593,83593,82100,82500,82571,2400585,198218625734,1648,طلا,صندوق س.پشتوانه طلای لوتوس,نامعلوم
1400-06-28,2021-09-19,82090,82090,81000,81752,81407,995059,81004311847,1052,طلا,صندوق س.پشتوانه طلای لوتوس,نامعلوم
1400-06-29,2021-09-20,81700,82750,81600,82000,82061,1843156,151251170684,1153,طلا,صندوق س.پشتوانه طلای لوتوس,نامعلوم
1400-06-30,2021-09-21,81749,82733,80950,82000,81621,2107651,172028660321,1352,طلا,صندوق س.پشتوانه طلای لوتوس,نامعلوم
1400-06-31,2021-09-22,82018,82980,82018,82700,82700,878851,72680962743,920,طلا,صندوق س.پشتوانه طلای لوتوس,نامعلوم
1400-07-03,2021-09-25,82999,83490,82701,82840,82990,685479,56887622550,972,طلا,صندوق س.پشتوانه طلای لوتوس,نامعلوم
1400-07-04,2021-09-26,82992,83400,82333,83012,82863,895165,74176474393,800,طلا,صندوق س.پشتوانه طلای لوتوس,نامعلوم
1400-07-06,2021-09-28,83010,84100,83010,83750,83737,1291660,108159294693,1013,طلا,صندوق س.پشتوانه طلای لوتوس,نامعلوم
1400-07-07,2021-09-29,84200,85600,84111,85549,84798,1780439,150977915316,1336,طلا,صندوق س.پشتوانه طلای لوتوس,نامعلوم
1400-07-10,2021-10-02,85800,86150,85330,85550,85844,2158822,185320925270,1383,طلا,صندوق س.پشتوانه طلای لوتوس,نامعلوم
1400-07-11,2021-10-03,85400,85400,84100,84449,84408,722536,60987715007,871,طلا,صندوق س.پشتوانه طلای لوتوس,نامعلوم
1400-07-12,2021-10-04,84460,84580,83500,84500,84178,529280,44553705802,806,طلا,صندوق س.پشتوانه طلای لوتوس,نامعلوم
1400-07-14,2021-10-06,83989,84700,83362,83880,84303,1184350,99844503632,948,طلا,صندوق س.پشتوانه طلای لوتوس,نامعلوم
1400-07-17,2021-10-09,83500,83500,82520,83110,82939,1308001,108484739975,1047,طلا,صندوق س.پشتوانه طلای لوتوس,نامعلوم
1400-07-18,2021-10-10,82568,83000,82230,82701,82634,524285,43324018808,631,طلا,صندوق س.پشتوانه طلای لوتوس,نامعلوم
1400-07-19,2021-10-11,82960,83151,81500,81722,82290,606015,49869239210,894,طلا,صندوق س.پشتوانه طلای لوتوس,نامعلوم
1400-07-20,2021-10-12,81490,81490,80300,80446,80801,1332874,107697967327,1092,طلا,صندوق س.پشتوانه طلای لوتوس,نامعلوم
1400-07-21,2021-10-13,80290,81678,80000,81510,80703,576563,46530082369,805,طلا,صندوق س.پشتوانه طلای لوتوس,نامعلوم
1400-07-24,2021-10-16,82290,83091,82290,82820,82737,2673616,221205935669,886,طلا,صندوق س.پشتوانه طلای لوتوس,نامعلوم
1400-07-25,2021-10-17,82799,82799,82001,82300,82232,554473,45595465563,632,طلا,صندوق س.پشتوانه طلای لوتوس,نامعلوم
1400-07-26,2021-10-18,82000,82000,81445,81800,81721,329803,26951960897,430,طلا,صندوق س.پشتوانه طلای لوتوس,نامعلوم
1400-07-27,2021-10-19,82200,82980,82100,82889,82646,1315615,108730744462,645,طلا,صندوق س.پشتوانه طلای لوتوس,نامعلوم
1400-07-28,2021-10-20,82700,82799,82010,82420,82348,395523,32570514990,424,طلا,صندوق س.پشتوانه طلای لوتوس,نامعلوم
1400-08-01,2021-10-23,82540,83750,82540,83594,83323,1994534,166190332318,986,طلا,صندوق س.پشتوانه طلای لوتوس,نامعلوم
1400-08-03,2021-10-25,83991,84100,83460,83761,83771,862051,72215296575,861,طلا,صندوق س.پشتوانه طلای لوتوس,نامعلوم
1400-08-04,2021-10-26,83998,83998,83000,83960,83342,436002,36337481625,647,طلا,صندوق س.پشتوانه طلای لوتوس,نامعلوم
1400-08-05,2021-10-27,83501,84100,83420,84095,83884,554856,46543708036,598,طلا,صندوق س.پشتوانه طلای لوتوس,نامعلوم
1400-08-08,2021-10-30,83540,83540,82501,82998,82835,652905,54083555618,747,طلا,صندوق س.پشتوانه طلای لوتوس,نامعلوم
1400-08-09,2021-10-31,82900,82900,81520,81910,82042,2020491,165764232240,931,طلا,صندوق س.پشتوانه طلای لوتوس,نامعلوم
1400-08-10,2021-11-01,82494,83350,82300,82700,82703,648871,53663323071,655,طلا,صندوق س.پشتوانه طلای لوتوس,نامعلوم
1400-08-11,2021-11-02,82900,83100,82300,83000,82770,1180525,97712197282,656,طلا,صندوق س.پشتوانه طلای لوتوس,نامعلوم
1400-08-12,2021-11-03,83250,84150,82945,83979,83728,1872515,156782705164,1021,طلا,صندوق س.پشتوانه طلای لوتوس,نامعلوم
1400-08-15,2021-11-06,84520,85076,84300,85010,84643,2207323,186833520840,1369,طلا,صندوق س.پشتوانه طلای لوتوس,نامعلوم
1400-08-16,2021-11-07,84500,85300,84500,85012,85082,2687394,228649737620,1048,طلا,صندوق س.پشتوانه طلای لوتوس,نامعلوم
1400-08-17,2021-11-08,85238,86300,85000,85700,85644,4731558,405229765690,1343,طلا,صندوق س.پشتوانه طلای لوتوس,نامعلوم
1400-08-18,2021-11-09,86180,86180,85200,85501,85558,1295046,110801206004,1060,طلا,صندوق س.پشتوانه طلای لوتوس,نامعلوم
1400-08-19,2021-11-10,85800,87300,85610,86608,86527,2565573,221992479724,1471,طلا,صندوق س.پشتوانه طلای لوتوس,نامعلوم
1400-08-22,2021-11-13,87500,91675,87454,91000,90529,11350631,1027565226649,4042,طلا,صندوق س.پشتوانه طلای لوتوس,نامعلوم
1400-08-23,2021-11-14,90597,90597,88512,88867,89391,2542698,227293507921,2111,طلا,صندوق س.پشتوانه طلای لوتوس,نامعلوم
1400-08-24,2021-11-15,88000,88440,86910,88074,87671,2067716,181278786650,1816,طلا,صندوق س.پشتوانه طلای لوتوس,نامعلوم
1400-08-25,2021-11-16,88070,89600,88070,89262,88750,1368949,121494847217,1644,طلا,صندوق س.پشتوانه طلای لوتوس,نامعلوم
1400-08-26,2021-11-17,89450,89800,88402,89396,89205,1371258,122323321662,1366,طلا,صندوق س.پشتوانه طلای لوتوس,نامعلوم
1400-08-29,2021-11-20,88196,88196,86550,87530,87238,2596033,226472888353,1234,طلا,صندوق س.پشتوانه طلای لوتوس,نامعلوم
1400-08-30,2021-11-21,87530,88500,87230,88499,88053,1808661,159258810042,994,طلا,صندوق س.پشتوانه طلای لوتوس,نامعلوم
1400-09-01,2021-11-22,88776,88800,87990,88600,88411,1137974,100609260531,1165,طلا,صندوق س.پشتوانه طلای لوتوس,نامعلوم
1400-09-02,2021-11-23,89000,89000,87595,87890,88021,2159174,190053287754,1653,طلا,صندوق س.پشتوانه طلای لوتوس,نامعلوم
1400-09-03,2021-11-24,88900,90000,88700,89977,89433,3593857,321410193440,2034,طلا,صندوق س.پشتوانه طلای لوتوس,نامعلوم
1400-09-06,2021-11-27,90000,90438,89251,89540,89908,2985241,268398524528,2100,طلا,صندوق س.پشتوانه طلای لوتوس,نامعلوم
1400-09-07,2021-11-28,89700,89980,89211,89940,89680,2812136,252191457997,1101,طلا,صندوق س.پشتوانه طلای لوتوس,نامعلوم
1400-09-08,2021-11-29,90190,91222,90000,90310,90747,3874831,351628975143,2123,طلا,صندوق س.پشتوانه طلای لوتوس,نامعلوم
1400-09-09,2021-11-30,89900,89900,88753,88908,89163,1835424,163652441779,1360,طلا,صندوق س.پشتوانه طلای لوتوس,نامعلوم
1400-09-10,2021-12-01,89486,90398,89486,90398,90130,2105724,189787955428,991,طلا,صندوق س.پشتوانه طلای لوتوس,نامعلوم
1400-09-13,2021-12-04,92002,93350,92000,93180,92460,10062042,930333676286,3513,طلا,صندوق س.پشتوانه طلای لوتوس,نامعلوم
1400-09-14,2021-12-05,93510,94130,93000,93900,93652,6005623,562436438094,2158,طلا,صندوق س.پشتوانه طلای لوتوس,نامعلوم
1400-09-15,2021-12-06,94689,96350,93850,96150,95284,9011508,858653625012,2781,طلا,صندوق س.پشتوانه طلای لوتوس,نامعلوم
1400-09-16,2021-12-07,96000,96220,95015,95438,95868,5872140,562951297897,2354,طلا,صندوق س.پشتوانه طلای لوتوس,نامعلوم
1400-09-17,2021-12-08,95500,95500,94500,94815,94694,2717747,257353733662,1956,طلا,صندوق س.پشتوانه طلای لوتوس,نامعلوم
1400-09-20,2021-12-11,94330,94694,92201,92256,93651,6228691,583325037197,2045,طلا,صندوق س.پشتوانه طلای لوتوس,نامعلوم
1400-09-21,2021-12-12,93800,93800,91620,91860,92249,1322867,122032998544,404,طلا,صندوق س.پشتوانه طلای لوتوس,نامعلوم
1400-09-22,2021-12-13,90980,90999,88000,88850,89201,6465546,576730443528,2418,طلا,صندوق س.پشتوانه طلای لوتوس,نامعلوم
1400-09-23,2021-12-14,88700,91760,88700,91699,90909,2339713,212700431577,1613,طلا,صندوق س.پشتوانه طلای لوتوس,نامعلوم
1400-09-24,2021-12-15,92989,93820,92900,93700,93443,4378994,409186779947,1888,طلا,صندوق س.پشتوانه طلای لوتوس,نامعلوم
1400-09-27,2021-12-18,93443,93500,92060,92135,92492,1484050,137262039935,1347,طلا,صندوق س.پشتوانه طلای لوتوس,نامعلوم
1400-09-28,2021-12-19,91594,91594,90620,91340,91020,1044388,95060141722,1038,طلا,صندوق س.پشتوانه طلای لوتوس,نامعلوم
1400-09-29,2021-12-20,91487,91750,90450,91300,91084,1054187,96019965163,1066,طلا,صندوق س.پشتوانه طلای لوتوس,نامعلوم
1400-09-30,2021-12-21,91700,93000,91700,92100,92194,1440873,132839989457,1113,طلا,صندوق س.پشتوانه طلای لوتوس,نامعلوم
1400-10-01,2021-12-22,93000,93000,91201,91300,92039,2248407,206941950543,1602,طلا,صندوق س.پشتوانه طلای لوتوس,نامعلوم
1400-10-04,2021-12-25,91000,91000,89801,90000,90214,1879276,169537396053,1740,طلا,صندوق س.پشتوانه طلای لوتوس,نامعلوم
1400-10-05,2021-12-26,90510,91202,90215,90750,90753,832140,75519165004,969,طلا,صندوق س.پشتوانه طلای لوتوس,نامعلوم
1400-10-06,2021-12-27,90989,91754,90480,91150,91222,951552,86802827889,895,طلا,صندوق س.پشتوانه طلای لوتوس,نامعلوم
1400-10-07,2021-12-28,91000,91000,90015,90400,90307,632168,57089010772,1054,طلا,صندوق س.پشتوانه طلای لوتوس,نامعلوم
1400-10-08,2021-12-29,90020,91000,90020,90533,90477,781451,70703650914,813,طلا,صندوق س.پشتوانه طلای لوتوس,نامعلوم
1400-10-11,2022-01-01,91101,91380,90700,90900,91006,704886,64149050900,859,طلا,صندوق س.پشتوانه طلای لوتوس,نامعلوم
1400-10-12,2022-01-02,90035,91000,90020,90190,90483,984116,89045532044,858,طلا,صندوق س.پشتوانه طلای لوتوس,نامعلوم
1400-10-13,2022-01-03,90000,90800,89500,90315,90393,1867067,168769763922,876,طلا,صندوق س.پشتوانه طلای لوتوس,نامعلوم
1400-10-14,2022-01-04,90399,90399,89000,89350,89908,1933619,173848364444,1139,طلا,صندوق س.پشتوانه طلای لوتوس,نامعلوم
1400-10-15,2022-01-05,88700,88900,88000,88355,88217,878965,77539655293,1326,طلا,صندوق س.پشتوانه طلای لوتوس,نامعلوم
1400-10-18,2022-01-08,88000,88000,85500,85586,86503,2104739,182067078860,1971,طلا,صندوق س.پشتوانه طلای لوتوس,نامعلوم
1400-10-19,2022-01-09,85333,85333,83000,83631,83755,2902630,243109135825,2119,طلا,صندوق س.پشتوانه طلای لوتوس,نامعلوم
1400-10-20,2022-01-10,83000,84180,82410,84170,83519,1545051,129041421876,1371,طلا,صندوق س.پشتوانه طلای لوتوس,نامعلوم
1400-10-21,2022-01-11,85006,85428,83707,83800,84657,2130195,180336475514,1259,طلا,صندوق س.پشتوانه طلای لوتوس,نامعلوم
1400-10-22,2022-01-12,84102,85000,83740,83800,84368,1593581,134446508737,1012,طلا,صندوق س.پشتوانه طلای لوتوس,نامعلوم
1400-10-25,2022-01-15,83800,84000,82250,83864,83067,1488117,123613715318,1037,طلا,صندوق س.پشتوانه طلای لوتوس,نامعلوم
1400-10-26,2022-01-16,83992,83992,83300,83599,83557,349563,29208288128,494,طلا,صندوق س.پشتوانه طلای لوتوس,نامعلوم
1400-10-27,2022-01-17,82950,83000,82311,82700,82553,611803,50506021372,692,طلا,صندوق س.پشتوانه طلای لوتوس,نامعلوم
1400-10-28,2022-01-18,82395,82701,81900,81990,82263,704412,57946857179,820,طلا,صندوق س.پشتوانه طلای لوتوس,نامعلوم
1400-10-29,2022-01-19,82990,84410,82510,84160,84179,3503991,294963815454,932,طلا,صندوق س.پشتوانه طلای لوتوس,نامعلوم
1400-11-02,2022-01-22,84200,84629,84000,84550,84271,1179082,99362472710,729,طلا,صندوق س.پشتوانه طلای لوتوس,نامعلوم
1400-11-03,2022-01-23,84649,86007,84645,85996,85468,1119737,95702042270,780,طلا,صندوق س.پشتوانه طلای لوتوس,نامعلوم
1400-11-04,2022-01-24,86231,86800,86000,86750,86398,2044875,176672158560,885,طلا,صندوق س.پشتوانه طلای لوتوس,نامعلوم
1400-11-05,2022-01-25,85300,86090,85002,85640,85596,2004010,171534329575,791,طلا,صندوق س.پشتوانه طلای لوتوس,نامعلوم
1400-11-06,2022-01-26,86000,86500,86000,86500,86319,676691,58411313499,507,طلا,صندوق س.پشتوانه طلای لوتوس,نامعلوم
1400-11-09,2022-01-29,86499,86599,85501,85690,86245,1174771,101318041757,734,طلا,صندوق س.پشتوانه طلای لوتوس,نامعلوم
1400-11-10,2022-01-30,85002,85500,84600,84601,84952,431946,36694823140,754,طلا,صندوق س.پشتوانه طلای لوتوس,نامعلوم
1400-11-11,2022-01-31,84760,84760,83601,83849,84421,745385,62926160139,639,طلا,صندوق س.پشتوانه طلای لوتوس,نامعلوم
1400-11-12,2022-02-01,84200,84200,83660,83799,83952,379219,31836011063,532,طلا,صندوق س.پشتوانه طلای لوتوس,نامعلوم
1400-11-13,2022-02-02,83490,83799,83020,83400,83427,254114,21199893449,506,طلا,صندوق س.پشتوانه طلای لوتوس,نامعلوم
1400-11-16,2022-02-05,82000,82000,80790,81071,81214,1463123,118826702720,1681,طلا,صندوق س.پشتوانه طلای لوتوس,نامعلوم
1400-11-17,2022-02-06,80750,81650,80650,81263,81257,805261,65433231608,1071,طلا,صندوق س.پشتوانه طلای لوتوس,نامعلوم
1400-11-18,2022-02-07,81690,81780,80890,81034,81300,774805,62991974605,810,طلا,صندوق س.پشتوانه طلای لوتوس,نامعلوم
1400-11-19,2022-02-08,80994,80994,79901,80200,80054,876835,70193877485,1165,طلا,صندوق س.پشتوانه طلای لوتوس,نامعلوم
1400-11-20,2022-02-09,80058,82100,80058,80440,80461,575938,46340738977,722,طلا,صندوق س.پشتوانه طلای لوتوس,نامعلوم
1400-11-23,2022-02-12,81900,83000,81840,82332,82365,1519850,125182581125,1397,طلا,صندوق س.پشتوانه طلای لوتوس,نامعلوم
1400-11-24,2022-02-13,82899,84000,82610,83557,83681,2490093,208374483437,1204,طلا,صندوق س.پشتوانه طلای لوتوس,نامعلوم
1400-11-25,2022-02-14,84400,84499,83177,83400,84188,3032819,255327550843,904,طلا,صندوق س.پشتوانه طلای لوتوس,نامعلوم
1400-11-27,2022-02-16,83000,83190,82578,82934,82916,429034,35573623959,574,طلا,صندوق س.پشتوانه طلای لوتوس,نامعلوم
1400-11-30,2022-02-19,82501,82501,81250,81775,81493,645071,52568691614,727,طلا,صندوق س.پشتوانه طلای لوتوس,نامعلوم
1400-12-01,2022-02-20,81590,81590,80419,81197,80890,645554,52218912143,745,طلا,صندوق س.پشتوانه طلای لوتوس,نامعلوم
1400-12-02,2022-02-21,80600,81333,80555,81291,80897,989838,80074456501,917,طلا,صندوق س.پشتوانه طلای لوتوس,نامعلوم
1400-12-03,2022-02-22,81910,83000,81910,82321,82621,1716076,141783064333,930,طلا,صندوق س.پشتوانه طلای لوتوس,نامعلوم
1400-12-04,2022-02-23,82950,82950,81912,82192,82182,476004,39119052466,642,طلا,صندوق س.پشتوانه طلای لوتوس,نامعلوم
1400-12-07,2022-02-26,82800,83299,82350,83190,82933,889232,73746296662,884,طلا,صندوق س.پشتوانه طلای لوتوس,نامعلوم
1400-12-08,2022-02-27,83000,83340,82545,83075,82929,320289,26561312261,523,طلا,صندوق س.پشتوانه طلای لوتوس,نامعلوم
1400-12-09,2022-02-28,82916,83190,82916,83130,83055,390090,32398975631,516,طلا,صندوق س.پشتوانه طلای لوتوس,نامعلوم
1400-12-11,2022-03-02,83186,84000,83001,84000,83678,607990,50875326658,805,طلا,صندوق س.پشتوانه طلای لوتوس,نامعلوم
1400-12-14,2022-03-05,82650,83480,82020,82270,82603,831681,68699753312,1000,طلا,صندوق س.پشتوانه طلای لوتوس,نامعلوم
1400-12-15,2022-03-06,82487,82487,81600,81712,81738,653692,53431693311,773,طلا,صندوق س.پشتوانه طلای لوتوس,نامعلوم
1400-12-16,2022-03-07,82850,84200,82321,83911,83161,1427303,118695968956,1052,طلا,صندوق س.پشتوانه طلای لوتوس,نامعلوم
1400-12-17,2022-03-08,84721,85760,84660,85500,85027,1646714,140015924648,1144,طلا,صندوق س.پشتوانه طلای لوتوس,نامعلوم
1400-12-18,2022-03-09,85500,85500,84010,84160,84715,1119077,94802417401,1097,طلا,صندوق س.پشتوانه طلای لوتوس,نامعلوم
1400-12-21,2022-03-12,85510,85740,85210,85478,85459,1379522,117892753518,953,طلا,صندوق س.پشتوانه طلای لوتوس,نامعلوم
1400-12-22,2022-03-13,85660,87690,85660,87213,86743,1729823,150050274539,1376,طلا,صندوق س.پشتوانه طلای لوتوس,نامعلوم
1400-12-23,2022-03-14,85800,86498,85798,86100,86062,516145,44420514563,715,طلا,صندوق س.پشتوانه طلای لوتوس,نامعلوم
1400-12-24,2022-03-15,85800,87129,85000,86801,85978,1015473,87307864106,795,طلا,صندوق س.پشتوانه طلای لوتوس,نامعلوم
1400-12-25,2022-03-16,85580,85702,85100,85390,85455,565449,48320394540,722,طلا,صندوق س.پشتوانه طلای لوتوس,نامعلوم
1400-12-28,2022-03-19,85001,85090,83812,84300,84603,1057802,89492804974,843,طلا,صندوق س.پشتوانه طلای لوتوس,نامعلوم
1401-01-06,2022-03-26,85950,85950,84720,85402,85308,191477,16334490843,378,طلا,صندوق س.پشتوانه طلای لوتوس,نامعلوم
1401-01-07,2022-03-27,85250,85250,84820,85245,85042,409822,34852100671,361,طلا,صندوق س.پشتوانه طلای لوتوس,نامعلوم
1401-01-08,2022-03-28,85900,85900,85252,85264,85362,200788,17139691694,399,طلا,صندوق س.پشتوانه طلای لوتوس,نامعلوم
1401-01-09,2022-03-29,85403,87501,85403,87450,86543,680416,58885212250,593,طلا,صندوق س.پشتوانه طلای لوتوس,نامعلوم
1401-01-10,2022-03-30,86900,87600,86762,87210,87287,561616,49021848456,477,طلا,صندوق س.پشتوانه طلای لوتوس,نامعلوم
1401-01-14,2022-04-03,87500,87950,86562,86737,86953,1078603,93787718336,1062,طلا,صندوق س.پشتوانه طلای لوتوس,نامعلوم
1401-01-15,2022-04-04,87030,88100,87001,87799,87536,648941,56805598939,770,طلا,صندوق س.پشتوانه طلای لوتوس,نامعلوم
1401-01-16,2022-04-05,88150,89542,88150,88971,88920,1125144,100048088343,1338,طلا,صندوق س.پشتوانه طلای لوتوس,نامعلوم
1401-01-17,2022-04-06,88690,89600,88045,89007,89032,1403310,124938816309,1070,طلا,صندوق س.پشتوانه طلای لوتوس,نامعلوم
1401-01-20,2022-04-09,89631,91245,89631,91010,90570,2269833,205577761736,1447,طلا,صندوق س.پشتوانه طلای لوتوس,نامعلوم
1401-01-21,2022-04-10,91010,92789,90730,92570,92031,1502304,138257975911,1364,طلا,صندوق س.پشتوانه طلای لوتوس,نامعلوم
1401-01-22,2022-04-11,92910,94400,92910,93076,93682,3028805,283745696860,1900,طلا,صندوق س.پشتوانه طلای لوتوس,نامعلوم
1401-01-23,2022-04-12,94700,94700,91700,91800,93157,2603742,242557524848,1917,طلا,صندوق س.پشتوانه طلای لوتوس,نامعلوم
1401-01-24,2022-04-13,91798,91798,90049,91199,90702,2547127,231029622804,1901,طلا,صندوق س.پشتوانه طلای لوتوس,نامعلوم
1401-01-27,2022-04-16,90480,92680,90022,92200,91688,1044078,95729503579,1292,طلا,صندوق س.پشتوانه طلای لوتوس,نامعلوم
1401-01-28,2022-04-17,93200,93550,92889,93148,93235,1754899,163618098396,1283,طلا,صندوق س.پشتوانه طلای لوتوس,نامعلوم
1401-01-29,2022-04-18,93735,93950,93400,93869,93663,1143512,107104527697,1226,طلا,صندوق س.پشتوانه طلای لوتوس,نامعلوم
1401-01-30,2022-04-19,92750,93405,92600,92722,92810,728346,67597942729,889,طلا,صندوق س.پشتوانه طلای لوتوس,نامعلوم
1401-01-31,2022-04-20,92501,92998,91600,92899,92387,910504,84118593538,869,طلا,صندوق س.پشتوانه طلای لوتوس,نامعلوم
1401-02-04,2022-04-24,92200,92700,92182,92351,92379,1245242,115034745896,868,طلا,صندوق س.پشتوانه طلای لوتوس,نامعلوم
1401-02-05,2022-04-25,92050,92150,91510,91588,91747,474958,43575814907,949,طلا,صندوق س.پشتوانه طلای لوتوس,نامعلوم
1401-02-06,2022-04-26,91890,92900,91210,92859,92084,1122699,103382532119,1092,طلا,صندوق س.پشتوانه طلای لوتوس,نامعلوم
1401-02-07,2022-04-27,92700,93140,92201,92412,92760,731805,67882575127,1012,طلا,صندوق س.پشتوانه طلای لوتوس,نامعلوم
1401-02-10,2022-04-30,92412,93050,92412,92918,92770,510080,47320091059,816,طلا,صندوق س.پشتوانه طلای لوتوس,نامعلوم
1401-02-11,2022-05-01,93100,93100,92600,92800,92798,658870,61142096165,831,طلا,صندوق س.پشتوانه طلای لوتوس,نامعلوم
1401-02-12,2022-05-02,93000,93000,92413,92770,92687,256273,23753072821,480,طلا,صندوق س.پشتوانه طلای لوتوس,نامعلوم
1401-02-17,2022-05-07,94011,95279,93000,95119,94259,4309061,406167787421,1879,طلا,صندوق س.پشتوانه طلای لوتوس,نامعلوم
1401-02-18,2022-05-08,95300,95300,94300,94304,94596,1054909,99789867181,1204,طلا,صندوق س.پشتوانه طلای لوتوس,نامعلوم
1401-02-19,2022-05-09,94500,94650,94205,94356,94442,571506,53974008916,688,طلا,صندوق س.پشتوانه طلای لوتوس,نامعلوم
1401-02-20,2022-05-10,94611,95988,94481,95950,95149,3157144,300399292542,1572,طلا,صندوق س.پشتوانه طلای لوتوس,نامعلوم
1401-02-21,2022-05-11,96250,98509,96250,98449,97310,6079725,591617396170,3014,طلا,صندوق س.پشتوانه طلای لوتوس,نامعلوم
1401-02-24,2022-05-14,99100,99140,98000,98050,98613,4313772,425394170134,2743,طلا,صندوق س.پشتوانه طلای لوتوس,نامعلوم
1401-02-25,2022-05-15,98300,101079,98110,100950,99771,2754281,274796482571,2014,طلا,صندوق س.پشتوانه طلای لوتوس,نامعلوم
1401-02-26,2022-05-16,101000,101000,99571,100330,100184,1528467,153128322946,1733,طلا,صندوق س.پشتوانه طلای لوتوس,نامعلوم
1401-02-27,2022-05-17,100330,100619,98710,99280,99353,1321386,131284169814,1700,طلا,صندوق س.پشتوانه طلای لوتوس,نامعلوم
1401-02-28,2022-05-18,97700,98950,97100,98900,98003,1537102,150640905442,1432,طلا,صندوق س.پشتوانه طلای لوتوس,نامعلوم
1401-02-31,2022-05-21,99510,101000,99510,100358,100422,2678650,268994809133,2208,طلا,صندوق س.پشتوانه طلای لوتوس,نامعلوم
1401-03-01,2022-05-22,101401,102272,101137,101850,101852,2441006,248620255615,2034,طلا,صندوق س.پشتوانه طلای لوتوس,نامعلوم
1401-03-02,2022-05-23,101500,101500,99800,101280,100675,1606796,161763399168,1839,طلا,صندوق س.پشتوانه طلای لوتوس,نامعلوم
1401-03-03,2022-05-24,102004,102648,102000,102204,102443,2393193,245166075356,1637,طلا,صندوق س.پشتوانه طلای لوتوس,نامعلوم
1401-03-04,2022-05-25,102990,102990,102320,102333,102521,605521,62078612667,1269,طلا,صندوق س.پشتوانه طلای لوتوس,نامعلوم
1401-03-07,2022-05-28,102820,104500,102330,103999,103460,5231562,541258875031,3128,طلا,صندوق س.پشتوانه طلای لوتوس,نامعلوم
1401-03-08,2022-05-29,104050,106000,103611,105965,104763,3291184,344794893404,2303,طلا,صندوق س.پشتوانه طلای لوتوس,نامعلوم
1401-03-09,2022-05-30,107400,108470,106396,108190,106973,6482181,693418507157,3652,طلا,صندوق س.پشتوانه طلای لوتوس,نامعلوم
1401-03-10,2022-05-31,109680,109680,105556,106011,107326,6282381,674259948701,4902,طلا,صندوق س.پشتوانه طلای لوتوس,نامعلوم
1401-03-11,2022-06-01,106380,107190,104850,105890,106116,4193453,444993887009,3396,طلا,صندوق س.پشتوانه طلای لوتوس,نامعلوم
1401-03-16,2022-06-06,106000,106100,103700,103852,104255,3229830,336727162968,3527,طلا,صندوق س.پشتوانه طلای لوتوس,نامعلوم
1401-03-17,2022-06-07,104380,106149,103860,105714,105113,3352391,352378804005,3790,طلا,صندوق س.پشتوانه طلای لوتوس,نامعلوم
1401-03-18,2022-06-08,106050,107500,105300,106500,106532,5245900,558858249357,3857,طلا,صندوق س.پشتوانه طلای لوتوس,نامعلوم
1401-03-21,2022-06-11,107990,112494,107990,112000,110185,10342008,1139529472795,6310,طلا,صندوق س.پشتوانه طلای لوتوس,نامعلوم
1401-03-22,2022-06-12,112600,118099,111150,117650,114944,13440258,1544871232038,9401,طلا,صندوق س.پشتوانه طلای لوتوس,نامعلوم
1401-03-23,2022-06-13,117002,117500,110000,111118,112369,9549447,1073058361303,10350,طلا,صندوق س.پشتوانه طلای لوتوس,نامعلوم
1401-03-24,2022-06-14,109000,111500,108520,109764,109692,5548879,608665608222,5253,طلا,صندوق س.پشتوانه طلای لوتوس,نامعلوم
1401-03-25,2022-06-15,107900,108000,106421,106460,107122,4300330,460659696417,4935,طلا,صندوق س.پشتوانه طلای لوتوس,نامعلوم
1401-03-28,2022-06-18,107499,112200,106556,110950,110226,6270688,691195252586,5315,طلا,صندوق س.پشتوانه طلای لوتوس,نامعلوم
1401-03-29,2022-06-19,110990,111770,108850,109500,110561,3540093,391397000126,4693,طلا,صندوق س.پشتوانه طلای لوتوس,نامعلوم
1401-03-30,2022-06-20,108521,109300,108000,108700,108777,2480016,269768689288,2872,طلا,صندوق س.پشتوانه طلای لوتوس,نامعلوم
1401-03-31,2022-06-21,108927,111100,108823,110660,110129,2907348,320182793688,2574,طلا,صندوق س.پشتوانه طلای لوتوس,نامعلوم
1401-04-01,2022-06-22,111200,111980,111000,111775,111520,3047105,339813595244,2145,طلا,صندوق س.پشتوانه طلای لوتوس,نامعلوم
1401-04-04,2022-06-25,109991,109991,106780,106851,108243,4165581,450896275212,4005,طلا,صندوق س.پشتوانه طلای لوتوس,نامعلوم
1401-04-05,2022-06-26,105787,105787,101740,102041,102898,5506971,566654909052,3988,طلا,صندوق س.پشتوانه طلای لوتوس,نامعلوم
1401-04-06,2022-06-27,100990,100990,99136,100140,99783,4659673,464955783561,3895,طلا,صندوق س.پشتوانه طلای لوتوس,نامعلوم
1401-04-07,2022-06-28,100300,100550,100050,100400,100368,3658069,367151953152,1897,طلا,صندوق س.پشتوانه طلای لوتوس,نامعلوم
1401-04-08,2022-06-29,100500,101599,100500,101500,101034,3799347,383862098204,1909,طلا,صندوق س.پشتوانه طلای لوتوس,نامعلوم
1401-04-11,2022-07-02,109990,110010,105000,108769,107890,17935983,1935109566539,6530,طلا,صندوق س.پشتوانه طلای لوتوس,نامعلوم
1401-04-12,2022-07-03,107900,108900,107010,107260,107988,5033460,543553214592,3520,طلا,صندوق س.پشتوانه طلای لوتوس,نامعلوم
1401-04-13,2022-07-04,104490,105269,103250,104683,104206,3907558,407191169104,3685,طلا,صندوق س.پشتوانه طلای لوتوس,نامعلوم
1401-04-14,2022-07-05,105470,106988,105470,106860,106411,3919627,417090094047,2113,طلا,صندوق س.پشتوانه طلای لوتوس,نامعلوم
1401-04-15,2022-07-06,105514,106700,105000,105779,105980,3132298,331960654657,2315,طلا,صندوق س.پشتوانه طلای لوتوس,نامعلوم
1401-04-18,2022-07-09,105110,105458,103800,105240,105037,1008055,105882889838,1462,طلا,صندوق س.پشتوانه طلای لوتوس,نامعلوم
1401-04-20,2022-07-11,105901,106297,105600,106079,106022,1497673,158785858861,1384,طلا,صندوق س.پشتوانه طلای لوتوس,نامعلوم
1401-04-21,2022-07-12,105992,105992,104600,105373,105361,1296805,136632560008,1065,طلا,صندوق س.پشتوانه طلای لوتوس,نامعلوم
1401-04-22,2022-07-13,105000,105370,104820,105330,104976,887305,93145397769,1101,طلا,صندوق س.پشتوانه طلای لوتوس,نامعلوم
1401-04-25,2022-07-16,105330,106350,105330,106070,105987,4011237,425137715424,1797,طلا,صندوق س.پشتوانه طلای لوتوس,نامعلوم
1401-04-26,2022-07-17,105500,105500,104501,104587,104704,2659280,278436306482,1582,طلا,صندوق س.پشتوانه طلای لوتوس,نامعلوم
1401-04-28,2022-07-19,104300,104500,104012,104190,104132,2382075,248050804980,1249,طلا,صندوق س.پشتوانه طلای لوتوس,نامعلوم
1401-04-29,2022-07-20,104060,104450,103700,104320,104073,4765553,495964288974,1156,طلا,صندوق س.پشتوانه طلای لوتوس,نامعلوم
1401-05-01,2022-07-23,104900,105998,104503,105501,104722,11695703,1224794194574,1870,طلا,صندوق س.پشتوانه طلای لوتوس,نامعلوم
1401-05-02,2022-07-24,105490,105800,104901,105700,105678,4152100,438786823667,1219,طلا,صندوق س.پشتوانه طلای لوتوس,نامعلوم
1401-05-03,2022-07-25,105780,105780,104800,104978,105002,932388,97902236638,1088,طلا,صندوق س.پشتوانه طلای لوتوس,نامعلوم
1401-05-04,2022-07-26,105020,105700,105020,105370,105446,1619778,170799599367,1002,طلا,صندوق س.پشتوانه طلای لوتوس,نامعلوم
1401-05-05,2022-07-27,105392,105500,104960,105240,105247,710218,74747978108,1035,طلا,صندوق س.پشتوانه طلای لوتوس,نامعلوم
1401-05-08,2022-07-30,105801,106100,105560,105779,105803,9550693,1010489664448,1531,طلا,صندوق س.پشتوانه طلای لوتوس,نامعلوم
1401-05-09,2022-07-31,105746,105900,105600,105779,105779,6863300,725989909502,1046,طلا,صندوق س.پشتوانه طلای لوتوس,نامعلوم
1401-05-10,2022-08-01,105620,105620,104624,105139,105061,2400767,252228173167,994,طلا,صندوق س.پشتوانه طلای لوتوس,نامعلوم
1401-05-11,2022-08-02,105200,105222,104730,105017,105022,1434444,150648358709,843,طلا,صندوق س.پشتوانه طلای لوتوس,نامعلوم
1401-05-12,2022-08-03,104497,104810,103790,104350,104393,2059952,215044331987,1808,طلا,صندوق س.پشتوانه طلای لوتوس,نامعلوم
1401-05-15,2022-08-06,103600,103860,102050,103404,103364,2093936,216438282529,2138,طلا,صندوق س.پشتوانه طلای لوتوس,نامعلوم
1401-05-18,2022-08-09,104400,104439,103350,103350,103949,1069433,111166342473,1612,طلا,صندوق س.پشتوانه طلای لوتوس,نامعلوم
1401-05-19,2022-08-10,103025,103555,102302,103131,102879,1608674,165498332611,1617,طلا,صندوق س.پشتوانه طلای لوتوس,نامعلوم
1401-05-22,2022-08-13,101200,101500,98819,99655,100331,4321767,433609278938,3793,طلا,صندوق س.پشتوانه طلای لوتوس,نامعلوم
1401-05-23,2022-08-14,98520,98888,97310,98821,98166,1825299,179181939837,2457,طلا,صندوق س.پشتوانه طلای لوتوس,نامعلوم
1401-05-24,2022-08-15,97600,98300,96400,96539,97005,4018155,389781863372,2572,طلا,صندوق س.پشتوانه طلای لوتوس,نامعلوم
1401-05-25,2022-08-16,97003,97400,96250,96881,96865,2053017,198864526118,2031,طلا,صندوق س.پشتوانه طلای لوتوس,نامعلوم
1401-05-26,2022-08-17,95000,95000,93400,93800,93936,3012084,282943283005,2700,طلا,صندوق س.پشتوانه طلای لوتوس,نامعلوم
1401-05-29,2022-08-20,91300,92000,91000,91401,91500,3114827,285005212315,2505,طلا,صندوق س.پشتوانه طلای لوتوس,نامعلوم
1401-05-30,2022-08-21,90501,92836,90060,91918,91687,3195008,292940662543,2848,طلا,صندوق س.پشتوانه طلای لوتوس,نامعلوم
1401-05-31,2022-08-22,93000,95497,92299,94798,93654,8877215,831383586140,4137,طلا,صندوق س.پشتوانه طلای لوتوس,نامعلوم
1401-06-01,2022-08-23,94800,94800,92480,92580,93769,3118524,292421944933,2679,طلا,صندوق س.پشتوانه طلای لوتوس,نامعلوم
1401-06-02,2022-08-24,92631,92631,91552,92300,92080,1896676,174645082988,1720,طلا,صندوق س.پشتوانه طلای لوتوس,نامعلوم
1401-06-05,2022-08-27,94255,95450,93500,93663,94256,10240773,965256126120,3711,طلا,صندوق س.پشتوانه طلای لوتوس,نامعلوم
1401-06-06,2022-08-28,93400,94690,93022,93900,93744,2515277,235793147002,1546,طلا,صندوق س.پشتوانه طلای لوتوس,نامعلوم
1401-06-07,2022-08-29,93500,93954,93100,93220,93386,1191427,111262549127,1189,طلا,صندوق س.پشتوانه طلای لوتوس,نامعلوم
1401-06-08,2022-08-30,93399,93900,92650,93602,93642,1957078,183263729349,1023,طلا,صندوق س.پشتوانه طلای لوتوس,نامعلوم
1401-06-09,2022-08-31,94000,95000,93900,94379,94706,2212458,209533604825,1269,طلا,صندوق س.پشتوانه طلای لوتوس,نامعلوم
1401-06-12,2022-09-03,95777,96379,95400,95579,95810,3839208,367834280959,1917,طلا,صندوق س.پشتوانه طلای لوتوس,نامعلوم
1401-06-13,2022-09-04,96200,96670,96167,96480,96428,1607772,155034901927,1402,طلا,صندوق س.پشتوانه طلای لوتوس,نامعلوم
1401-06-14,2022-09-05,96240,96240,94952,95091,95532,1687956,161253328070,1242,طلا,صندوق س.پشتوانه طلای لوتوس,نامعلوم
1401-06-15,2022-09-06,95888,96111,95500,95593,95716,1345454,128781366786,1039,طلا,صندوق س.پشتوانه طلای لوتوس,نامعلوم
1401-06-16,2022-09-07,94616,95500,94610,95452,94997,1380856,131177409639,882,طلا,صندوق س.پشتوانه طلای لوتوس,نامعلوم
1401-06-19,2022-09-10,96500,96660,95913,96100,96359,4130220,397985553647,1646,طلا,صندوق س.پشتوانه طلای لوتوس,نامعلوم
1401-06-20,2022-09-11,96870,97340,96600,97340,96970,1979518,191954645114,1516,طلا,صندوق س.پشتوانه طلای لوتوس,نامعلوم
1401-06-21,2022-09-12,97871,100000,97871,99655,98945,3511722,347468748640,2379,طلا,صندوق س.پشتوانه طلای لوتوس,نامعلوم
1401-06-22,2022-09-13,100550,101877,100300,101410,101042,4870162,492092879066,3015,طلا,صندوق س.پشتوانه طلای لوتوس,نامعلوم
1401-06-23,2022-09-14,100000,100986,99023,100052,100251,5009828,502240317687,2582,طلا,صندوق س.پشتوانه طلای لوتوس,نامعلوم
1401-06-27,2022-09-18,100899,101197,100450,100800,100910,3518511,355054177059,1571,طلا,صندوق س.پشتوانه طلای لوتوس,نامعلوم
1401-06-28,2022-09-19,100000,100199,99003,99399,99648,1920198,191344099415,1580,طلا,صندوق س.پشتوانه طلای لوتوس,نامعلوم
1401-06-29,2022-09-20,99849,100193,99250,99302,99669,1451206,144640354633,1079,طلا,صندوق س.پشتوانه طلای لوتوس,نامعلوم
1401-06-30,2022-09-21,99000,99875,99000,99870,99290,947901,94117439078,937,طلا,صندوق س.پشتوانه طلای لوتوس,نامعلوم
1401-07-02,2022-09-24,99650,100290,99650,100100,100115,1383903,138549860139,1107,طلا,صندوق س.پشتوانه طلای لوتوس,نامعلوم
1401-07-04,2022-09-26,99810,100495,99810,100400,100244,1221956,122493387684,1046,طلا,صندوق س.پشتوانه طلای لوتوس,نامعلوم
1401-07-06,2022-09-28,100430,100430,99450,99799,99746,987270,98476455436,1108,طلا,صندوق س.پشتوانه طلای لوتوس,نامعلوم
1401-07-09,2022-10-01,102900,105200,102810,105130,104130,16027486,1668939428710,4252,طلا,صندوق س.پشتوانه طلای لوتوس,نامعلوم
1401-07-10,2022-10-02,105000,106296,104900,105740,105659,6522512,689159906746,3927,طلا,صندوق س.پشتوانه طلای لوتوس,نامعلوم
1401-07-11,2022-10-03,106239,106980,105811,106580,106472,4292784,457059408448,2645,طلا,صندوق س.پشتوانه طلای لوتوس,نامعلوم
1401-07-12,2022-10-04,106850,106850,105700,105732,106044,2851703,302406809366,2137,طلا,صندوق س.پشتوانه طلای لوتوس,نامعلوم
1401-07-16,2022-10-08,105200,105200,103710,104189,104304,2762528,288142622979,2021,طلا,صندوق س.پشتوانه طلای لوتوس,نامعلوم
1401-07-17,2022-10-09,103739,104270,103224,104150,103723,1987376,206136215365,1514,طلا,صندوق س.پشتوانه طلای لوتوس,نامعلوم
1401-07-18,2022-10-10,103255,104089,102900,104087,103553,1577003,163303181747,1352,طلا,صندوق س.پشتوانه طلای لوتوس,نامعلوم
1401-07-19,2022-10-11,104300,104680,104156,104526,104339,3461881,361210575284,1698,طلا,صندوق س.پشتوانه طلای لوتوس,نامعلوم
1401-07-20,2022-10-12,104750,104750,104140,104502,104469,1410355,147338067092,927,طلا,صندوق س.پشتوانه طلای لوتوس,نامعلوم
1401-07-23,2022-10-15,104100,104850,104000,104497,104421,1625913,169779508915,1323,طلا,صندوق س.پشتوانه طلای لوتوس,نامعلوم
1401-07-24,2022-10-16,105000,105590,104798,105400,105171,2686969,282592271771,1706,طلا,صندوق س.پشتوانه طلای لوتوس,نامعلوم
1401-07-25,2022-10-17,105250,105300,104650,104798,104870,3238013,339570980034,1306,طلا,صندوق س.پشتوانه طلای لوتوس,نامعلوم
1401-07-26,2022-10-18,104200,104349,103922,104130,104057,1687076,175551920535,1287,طلا,صندوق س.پشتوانه طلای لوتوس,نامعلوم
1401-07-27,2022-10-19,104290,104290,103500,103581,103903,1831581,190307471514,1144,طلا,صندوق س.پشتوانه طلای لوتوس,نامعلوم
1401-07-30,2022-10-22,104200,104500,104091,104200,104254,1939993,202252451453,1557,طلا,صندوق س.پشتوانه طلای لوتوس,نامعلوم
1401-08-01,2022-10-23,104041,104440,103983,104400,104172,725463,75573054097,862,طلا,صندوق س.پشتوانه طلای لوتوس,نامعلوم
1401-08-02,2022-10-24,103850,103888,103400,103788,103608,1386482,143651113857,1036,طلا,صندوق س.پشتوانه طلای لوتوس,نامعلوم
1401-08-03,2022-10-25,103801,104145,103500,103840,103909,1118299,116201747179,1105,طلا,صندوق س.پشتوانه طلای لوتوس,نامعلوم
1401-08-04,2022-10-26,103998,104600,103850,104582,104297,3733736,389419274803,1544,طلا,صندوق س.پشتوانه طلای لوتوس,نامعلوم
1401-08-07,2022-10-29,104690,105050,104519,104945,104819,2944211,308609511710,1635,طلا,صندوق س.پشتوانه طلای لوتوس,نامعلوم
1401-08-08,2022-10-30,104900,105175,104500,105123,105047,980880,103038706652,1117,طلا,صندوق س.پشتوانه طلای لوتوس,نامعلوم
1401-08-09,2022-10-31,105400,106830,105400,106825,106090,6794432,720823282767,2247,طلا,صندوق س.پشتوانه طلای لوتوس,نامعلوم
1401-08-10,2022-11-01,106900,109000,106899,108900,108032,9884401,1067827594897,3850,طلا,صندوق س.پشتوانه طلای لوتوس,نامعلوم
1401-08-11,2022-11-02,109751,112750,109751,111401,111276,15228405,1694549909416,5567,طلا,صندوق س.پشتوانه طلای لوتوس,نامعلوم
1401-08-14,2022-11-05,113270,114290,112810,112904,113590,12462299,1415598163955,7468,طلا,صندوق س.پشتوانه طلای لوتوس,نامعلوم
1401-08-15,2022-11-06,112000,112555,110511,110660,111130,7495194,832938177693,4295,طلا,صندوق س.پشتوانه طلای لوتوس,نامعلوم
1401-08-16,2022-11-07,112000,112999,111601,111947,112353,7855777,882617708494,4025,طلا,صندوق س.پشتوانه طلای لوتوس,نامعلوم
1401-08-17,2022-11-08,111890,111900,108490,109324,110065,6990259,769386026196,3587,طلا,صندوق س.پشتوانه طلای لوتوس,نامعلوم
1401-08-18,2022-11-09,110398,110995,109300,109682,110170,4989009,549641085476,2502,طلا,صندوق س.پشتوانه طلای لوتوس,نامعلوم
1401-08-21,2022-11-12,110400,110400,109401,109999,109862,2338172,256876167509,1991,طلا,صندوق س.پشتوانه طلای لوتوس,نامعلوم
1401-08-22,2022-11-13,109997,110850,109351,110829,110376,3565816,393581082244,1859,طلا,صندوق س.پشتوانه طلای لوتوس,نامعلوم
1401-08-23,2022-11-14,111200,112410,111100,112262,111562,6291303,701868113148,2245,طلا,صندوق س.پشتوانه طلای لوتوس,نامعلوم
1401-08-24,2022-11-15,113220,114000,113152,113320,113515,6472565,734733911518,2667,طلا,صندوق س.پشتوانه طلای لوتوس,نامعلوم
1401-08-25,2022-11-16,113000,113489,112823,113340,113156,3062499,346540307197,1687,طلا,صندوق س.پشتوانه طلای لوتوس,نامعلوم
1401-08-28,2022-11-19,112501,113380,112250,113372,112812,3526617,397843302149,1789,طلا,صندوق س.پشتوانه طلای لوتوس,نامعلوم
1401-08-29,2022-11-20,113850,114280,113556,114020,114014,4997330,569767268461,2132,طلا,صندوق س.پشتوانه طلای لوتوس,نامعلوم
1401-08-30,2022-11-21,114020,114300,113870,114100,114051,1978470,225646629824,1472,طلا,صندوق س.پشتوانه طلای لوتوس,نامعلوم
1401-09-01,2022-11-22,114504,114896,114250,114896,114651,2213529,253783853765,1667,طلا,صندوق س.پشتوانه طلای لوتوس,نامعلوم
1401-09-02,2022-11-23,114900,115140,114440,115000,114694,3976114,456037157555,1829,طلا,صندوق س.پشتوانه طلای لوتوس,نامعلوم
1401-09-05,2022-11-26,115470,116890,115300,116800,115965,6446111,747520734674,2876,طلا,صندوق س.پشتوانه طلای لوتوس,نامعلوم
1401-09-06,2022-11-27,117500,118198,117402,117800,117845,7497237,883515632827,3682,طلا,صندوق س.پشتوانه طلای لوتوس,نامعلوم
1401-09-07,2022-11-28,118600,118600,116712,116800,118195,8702143,1028545555586,3964,طلا,صندوق س.پشتوانه طلای لوتوس,نامعلوم
1401-09-08,2022-11-29,116750,117100,116207,116715,116713,2522385,294394737292,2097,طلا,صندوق س.پشتوانه طلای لوتوس,نامعلوم
1401-09-09,2022-11-30,116980,118130,116980,117600,117527,4648222,546289946387,1957,طلا,صندوق س.پشتوانه طلای لوتوس,نامعلوم
1401-09-12,2022-12-03,117800,118861,117800,118630,118263,6807961,805131424915,3162,طلا,صندوق س.پشتوانه طلای لوتوس,نامعلوم
1401-09-13,2022-12-04,119170,120710,119166,120710,120034,7131155,855982187241,4345,طلا,صندوق س.پشتوانه طلای لوتوس,نامعلوم
1401-09-14,2022-12-05,121480,122000,121160,121939,121632,4780977,581518133095,4359,طلا,صندوق س.پشتوانه طلای لوتوس,نامعلوم
1401-09-15,2022-12-06,121011,121011,119811,119870,120341,4676181,562737556715,3801,طلا,صندوق س.پشتوانه طلای لوتوس,نامعلوم
1401-09-16,2022-12-07,119490,120200,119010,119951,119674,3377101,404150265143,2454,طلا,صندوق س.پشتوانه طلای لوتوس,نامعلوم
1401-09-19,2022-12-10,120900,123495,120900,123369,122005,10664475,1301120371683,4467,طلا,صندوق س.پشتوانه طلای لوتوس,نامعلوم
1401-09-20,2022-12-11,123011,124999,122995,124000,123926,7010698,868811188854,4996,طلا,صندوق س.پشتوانه طلای لوتوس,نامعلوم
1401-09-21,2022-12-12,124700,126880,123950,126879,125245,13004033,1628695321176,5889,طلا,صندوق س.پشتوانه طلای لوتوس,نامعلوم
1401-09-22,2022-12-13,127000,127200,124200,125200,125844,10422325,1311585425517,6624,طلا,صندوق س.پشتوانه طلای لوتوس,نامعلوم
1401-09-23,2022-12-14,126010,126754,124000,124494,125620,9297287,1167923353305,5932,طلا,صندوق س.پشتوانه طلای لوتوس,نامعلوم
1401-09-26,2022-12-17,125500,127150,125500,126730,126186,7300204,921180357956,4776,طلا,صندوق س.پشتوانه طلای لوتوس,نامعلوم
1401-09-27,2022-12-18,126200,127798,125600,126900,127051,8326051,1057834272402,4782,طلا,صندوق س.پشتوانه طلای لوتوس,نامعلوم
1401-09-28,2022-12-19,126650,128100,125001,126641,127061,6185941,785993235806,3700,طلا,صندوق س.پشتوانه طلای لوتوس,نامعلوم
1401-09-29,2022-12-20,127000,127773,124200,124451,126972,12378194,1571689282026,4920,طلا,صندوق س.پشتوانه طلای لوتوس,نامعلوم
1401-09-30,2022-12-21,125901,127023,125000,126699,126239,5332723,673198530281,3227,طلا,صندوق س.پشتوانه طلای لوتوس,نامعلوم
1401-10-03,2022-12-24,129000,130950,128980,130650,130042,7583423,986167260636,4530,طلا,صندوق س.پشتوانه طلای لوتوس,نامعلوم
1401-10-04,2022-12-25,130501,133000,130500,132650,132074,8170567,1079115500578,4780,طلا,صندوق س.پشتوانه طلای لوتوس,نامعلوم
1401-10-05,2022-12-26,133900,134980,133300,134295,134251,5235007,702807398227,4888,طلا,صندوق س.پشتوانه طلای لوتوس,نامعلوم
1401-10-07,2022-12-28,137405,140000,136970,139700,138690,6824288,946458115277,6083,طلا,صندوق س.پشتوانه طلای لوتوس,نامعلوم
1401-10-10,2022-12-31,131600,131600,126060,127056,128857,14287320,1841025758924,9305,طلا,صندوق س.پشتوانه طلای لوتوس,نامعلوم
