J-Date,Date,Open,High,Low,Close,Adj Close,Volume
1399-10-13,2021-01-02,1389700.0,1389700.0,1354110.0,1354114.0,1354147.1,6065577245
1399-10-14,2021-01-03,1347700.0,1357900.0,1345820.0,1355475.0,1355351.2,8925080297
1399-10-15,2021-01-04,1361540.0,1375350.0,1361540.0,1374501.0,1374483.2,8791746228
1399-10-16,2021-01-05,1372480.0,1372480.0,1350210.0,1350211.0,1350233.2,8904611865
1399-10-17,2021-01-06,1342160.0,1342160.0,1310450.0,1310709.0,1310755.8,8503250697
1399-10-20,2021-01-09,1303460.0,1303850.0,1285940.0,1285948.0,1285892.4,10288013861
1399-10-21,2021-01-10,1295500.0,1310030.0,1295500.0,1306715.0,1306620.7,8674182628
1399-10-22,2021-01-11,1312750.0,1312750.0,1301240.0,1301245.0,1301325.6,9679612204
1399-10-23,2021-01-12,1295500.0,1295500.0,1260690.0,1260698.0,1260722.5,6828156829
1399-10-24,2021-01-13,1249380.0,1249380.0,1229870.0,1229890.0,1229836.5,10250216369
1399-10-27,2021-01-16,1223410.0,1223410.0,1186780.0,1186787.0,1186711.2,7772061093
1399-10-29,2021-01-18,1168400.0,1168400.0,1149720.0,1149722.0,1150225.0,3308414549
1399-10-30,2021-01-19,1136600.0,1150620.0,1129920.0,1150625.0,1150718.0,10365115501
1399-11-01,2021-01-20,1159090.0,1185110.0,1159090.0,1183948.0,1183978.2,5195508476
1399-11-04,2021-01-23,1198980.0,1222070.0,1198980.0,1222070.0,1222070.6,4737159684
1399-11-05,2021-01-24,1237010.0,1250930.0,1234590.0,1234597.0,1234557.5,15681567934
1399-11-06,2021-01-25,1229750.0,1236290.0,1221110.0,1235764.0,1235783.1,9116614034
1399-11-07,2021-01-26,1238780.0,1240100.0,1214830.0,1215034.0,1215033.1,7457374462
1399-11-08,2021-01-27,1206750.0,1207750.0,1195640.0,1207733.0,1207698.3,8643069142
1399-11-11,2021-01-30,1216670.0,1247170.0,1216670.0,1247177.0,1247152.7,5547352978
1399-11-12,2021-01-31,1264750.0,1268520.0,1250950.0,1250992.0,1251041.7,12335676777
1399-11-13,2021-02-01,1246540.0,1249530.0,1233550.0,1233614.0,1233667.6,8087403913
1399-11-14,2021-02-02,1226980.0,1226980.0,1204590.0,1205429.0,1205467.1,11158724947
1399-11-15,2021-02-03,1206050.0,1207530.0,1173050.0,1173050.0,1173010.7,8053844799
1399-11-18,2021-02-06,1164370.0,1164370.0,1135360.0,1135369.0,1135345.5,5822912944
1399-11-19,2021-02-07,1147970.0,1170490.0,1147970.0,1170497.0,1170532.9,5250429327
1399-11-20,2021-02-08,1185400.0,1195060.0,1185400.0,1192858.0,1192744.4,10959977448
1399-11-21,2021-02-09,1194040.0,1214370.0,1194040.0,1214371.0,1214416.1,7656883837
1399-11-25,2021-02-13,1239130.0,1262200.0,1239130.0,1262202.0,1262253.7,6812020606
1399-11-26,2021-02-14,1269480.0,1272400.0,1264330.0,1264338.0,1264368.7,11019032818
1399-11-27,2021-02-15,1260400.0,1260400.0,1257060.0,1257237.0,1257286.2,5874082757
1399-11-28,2021-02-16,1256530.0,1256530.0,1245800.0,1245844.0,1245882.9,3646486301
1399-11-29,2021-02-17,1246880.0,1246880.0,1238390.0,1238398.0,1238357.4,3465149156
1399-12-02,2021-02-20,1241480.0,1241480.0,1232750.0,1232762.0,1232716.1,3198918306
1399-12-03,2021-02-21,1229810.0,1229810.0,1222650.0,1222659.0,1222614.3,1146390922
1399-12-04,2021-02-22,1219750.0,1219750.0,1214500.0,1214500.0,1214482.7,1590353839
1399-12-05,2021-02-23,1211580.0,1211760.0,1208660.0,1211767.0,1211642.8,5860561500
1399-12-06,2021-02-24,1215700.0,1215880.0,1205720.0,1205798.0,1205832.4,3225759933
1399-12-09,2021-02-27,1201940.0,1201940.0,1193970.0,1193978.0,1194009.9,1833200267
1399-12-10,2021-02-28,1192170.0,1192170.0,1185400.0,1185599.0,1185603.7,1057407424
1399-12-11,2021-03-01,1181790.0,1183880.0,1181210.0,1181659.0,1181641.2,3331991170
1399-12-12,2021-03-02,1182520.0,1190730.0,1182520.0,1186334.0,1186277.3,4498664813
1399-12-13,2021-03-03,1186060.0,1186060.0,1177950.0,1177976.0,1177916.9,2713127545
1399-12-16,2021-03-06,1175540.0,1175540.0,1169740.0,1169761.0,1169724.3,1975399821
1399-12-17,2021-03-07,1168090.0,1175590.0,1168090.0,1175591.0,1175595.8,4423613736
1399-12-18,2021-03-08,1178190.0,1199940.0,1178190.0,1199945.0,1199888.4,6664175236
1399-12-19,2021-03-09,1203570.0,1215720.0,1203570.0,1210149.0,1210146.7,6038212391
1399-12-20,2021-03-10,1205170.0,1206780.0,1203990.0,1206782.0,1206878.0,2858107825
1399-12-23,2021-03-13,1206310.0,1229480.0,1205950.0,1229419.0,1229377.2,5811625371
1399-12-24,2021-03-14,1233740.0,1246060.0,1233740.0,1245140.0,1245186.0,7955737604
1399-12-25,2021-03-15,1242820.0,1254250.0,1241410.0,1254252.0,1254213.0,5728688212
1399-12-26,2021-03-16,1255480.0,1290520.0,1255480.0,1290519.0,1290474.5,6832208157
1399-12-27,2021-03-17,1305450.0,1309860.0,1305450.0,1307658.0,1307707.1,5267125203
1400-01-07,2021-03-27,1307510.0,1309790.0,1304330.0,1309573.0,1309561.6,6016487253
1400-01-08,2021-03-28,1310910.0,1311180.0,1304520.0,1306859.0,1306887.8,4237448991
1400-01-10,2021-03-30,1305230.0,1306080.0,1302850.0,1303089.0,1303193.7,3063023474
1400-01-11,2021-03-31,1302900.0,1303100.0,1294540.0,1294544.0,1294521.6,2420645005
1400-01-14,2021-04-03,1292110.0,1292110.0,1282870.0,1282874.0,1282948.7,1438577569
1400-01-15,2021-04-04,1280970.0,1280970.0,1269530.0,1269534.0,1269478.7,833646502
1400-01-16,2021-04-05,1266760.0,1266760.0,1261350.0,1262745.0,1262735.3,2745085592
1400-01-17,2021-04-06,1265420.0,1267130.0,1260800.0,1260800.0,1260785.7,2787025196
1400-01-18,2021-04-07,1258600.0,1258600.0,1249890.0,1249898.0,1249910.4,1068639226
1400-01-21,2021-04-10,1246740.0,1246740.0,1240750.0,1240759.0,1240696.7,588396551
1400-01-22,2021-04-11,1237340.0,1237340.0,1230920.0,1230927.0,1230876.5,1265213974
1400-01-23,2021-04-12,1228760.0,1228760.0,1225810.0,1226119.0,1226158.2,2409026367
1400-01-24,2021-04-13,1234640.0,1245540.0,1234640.0,1244587.0,1244556.7,5631017338
1400-01-25,2021-04-14,1245600.0,1245620.0,1243040.0,1243236.0,1243358.7,2980081548
1400-01-28,2021-04-17,1241280.0,1241280.0,1233720.0,1233724.0,1233781.8,885610263
1400-01-29,2021-04-18,1231020.0,1231020.0,1224770.0,1224778.0,1224795.3,629873549
1400-01-30,2021-04-19,1221330.0,1221330.0,1216160.0,1216836.0,1216874.3,2265944945
1400-01-31,2021-04-20,1218570.0,1220870.0,1217280.0,1219665.0,1219589.9,4424916507
1400-02-01,2021-04-21,1217270.0,1217270.0,1207060.0,1207063.0,1207047.0,2011429984
1400-02-04,2021-04-24,1205470.0,1205470.0,1199330.0,1199339.0,1199341.7,1490632244
1400-02-05,2021-04-25,1197080.0,1197080.0,1187810.0,1187820.0,1187843.0,1216771556
1400-02-06,2021-04-26,1187200.0,1187200.0,1184030.0,1186933.0,1186956.5,3058115485
1400-02-07,2021-04-27,1189820.0,1203460.0,1189820.0,1202638.0,1202630.4,4983855887
1400-02-08,2021-04-28,1204000.0,1210950.0,1204000.0,1207702.0,1207850.4,5437139508
1400-02-11,2021-05-01,1208560.0,1208560.0,1194300.0,1194304.0,1194338.6,3701769749
1400-02-12,2021-05-02,1191400.0,1191400.0,1180700.0,1180709.0,1180663.6,2041457656
1400-02-13,2021-05-03,1176770.0,1176770.0,1167070.0,1167073.0,1167045.1,1589299529
1400-02-15,2021-05-05,1167870.0,1172610.0,1167870.0,1172249.0,1172262.4,3573775657
1400-02-18,2021-05-08,1176190.0,1176190.0,1167490.0,1167498.0,1167462.4,1895501673
1400-02-19,2021-05-09,1164800.0,1164800.0,1151870.0,1151873.0,1151896.4,2041883508
1400-02-20,2021-05-10,1149820.0,1157640.0,1149380.0,1157642.0,1157682.9,4471852176
1400-02-21,2021-05-11,1161040.0,1179620.0,1161040.0,1179618.0,1179527.1,4495270628
1400-02-22,2021-05-12,1185340.0,1190210.0,1183960.0,1183980.0,1184000.3,3672387461
1400-02-25,2021-05-15,1182730.0,1192890.0,1181600.0,1189524.0,1189595.7,3040412416
1400-02-26,2021-05-16,1189690.0,1192340.0,1188800.0,1188806.0,1188811.1,4768075442
1400-02-27,2021-05-17,1188210.0,1188210.0,1174670.0,1174673.0,1174659.7,3951632686
1400-02-28,2021-05-18,1172370.0,1177060.0,1172190.0,1173536.0,1173514.3,3966650386
1400-02-29,2021-05-19,1172920.0,1172920.0,1154760.0,1154768.0,1154844.7,2837606733
1400-03-01,2021-05-22,1149260.0,1149260.0,1127250.0,1128164.0,1128218.2,3140846699
1400-03-02,2021-05-23,1123500.0,1123500.0,1107790.0,1107900.0,1107915.1,2736872962
1400-03-03,2021-05-24,1105220.0,1105220.0,1095720.0,1095726.0,1095697.7,3100360796
1400-03-04,2021-05-25,1095800.0,1105850.0,1095800.0,1105446.0,1105454.2,3828842175
1400-03-05,2021-05-26,1106380.0,1110560.0,1106280.0,1109370.0,1109348.8,3187572389
1400-03-08,2021-05-29,1111520.0,1139620.0,1111520.0,1139481.0,1139534.9,5193610223
1400-03-09,2021-05-30,1152570.0,1163570.0,1152570.0,1156892.0,1156933.8,6544526193
1400-03-10,2021-05-31,1155680.0,1155680.0,1145970.0,1145971.0,1145930.0,4231361800
1400-03-11,2021-06-01,1146610.0,1147490.0,1140490.0,1140498.0,1140475.4,3867028257
1400-03-12,2021-06-02,1141580.0,1148660.0,1141410.0,1148666.0,1148642.7,4348234319
1400-03-17,2021-06-07,1151220.0,1157240.0,1151220.0,1157229.0,1157205.4,4346687369
1400-03-18,2021-06-08,1159570.0,1166720.0,1159570.0,1160568.0,1160665.6,7223890859
1400-03-19,2021-06-09,1160360.0,1160360.0,1151840.0,1151842.0,1151846.3,5282897554
1400-03-22,2021-06-12,1151810.0,1152360.0,1144870.0,1144873.0,1144955.0,4392171425
1400-03-23,2021-06-13,1144590.0,1144590.0,1140550.0,1141290.0,1141225.9,4285498371
1400-03-24,2021-06-14,1142480.0,1150210.0,1142480.0,1150215.0,1150203.6,5291759110
1400-03-25,2021-06-15,1152790.0,1155210.0,1150150.0,1150159.0,1150129.2,6211631825
1400-03-26,2021-06-16,1149300.0,1149910.0,1147660.0,1147669.0,1147675.0,4460515642
1400-03-29,2021-06-19,1150970.0,1161980.0,1150970.0,1161985.0,1162032.0,4947610675
1400-03-30,2021-06-20,1168220.0,1169040.0,1163710.0,1163716.0,1163757.0,5702591827
1400-03-31,2021-06-21,1162360.0,1168590.0,1160910.0,1168593.0,1168664.7,6855160451
1400-04-01,2021-06-22,1173270.0,1186900.0,1173270.0,1186906.0,1186921.5,6922063457
1400-04-02,2021-06-23,1186960.0,1213020.0,1186960.0,1213023.0,1213054.6,8919103052
1400-04-05,2021-06-26,1219380.0,1236400.0,1219380.0,1233783.0,1233738.1,7294193269
1400-04-06,2021-06-27,1233930.0,1240630.0,1230470.0,1238486.0,1238487.2,7958311624
1400-04-07,2021-06-28,1240510.0,1243740.0,1236470.0,1243748.0,1243812.3,7726931471
1400-04-08,2021-06-29,1244400.0,1250970.0,1244400.0,1248540.0,1248516.5,6459143878
1400-04-09,2021-06-30,1249300.0,1256960.0,1248100.0,1256960.0,1256978.2,6152334613
1400-04-12,2021-07-03,1258600.0,1258900.0,1246050.0,1246055.0,1246111.9,6308319007
1400-04-13,2021-07-04,1242840.0,1244540.0,1237550.0,1243752.0,1243719.1,5329408022
1400-04-14,2021-07-05,1245320.0,1254610.0,1245320.0,1254612.0,1254561.8,5791965079
1400-04-15,2021-07-06,1261580.0,1281270.0,1261580.0,1281130.0,1281187.0,6464619858
1400-04-16,2021-07-07,1283530.0,1284730.0,1282010.0,1282019.0,1282036.1,5660855792
1400-04-19,2021-07-10,1281600.0,1281600.0,1270700.0,1270727.0,1270744.3,5276527515
1400-04-20,2021-07-11,1270570.0,1285280.0,1270570.0,1285283.0,1285256.4,6743793882
1400-04-21,2021-07-12,1288550.0,1307750.0,1288550.0,1304333.0,1304336.3,6664856269
1400-04-22,2021-07-13,1303420.0,1309310.0,1302440.0,1303921.0,1303890.1,6676900783
1400-04-23,2021-07-14,1303300.0,1305540.0,1300770.0,1305491.0,1305495.5,6362755008
1400-04-26,2021-07-17,1313360.0,1317930.0,1311220.0,1311220.0,1311241.0,7531264197
1400-04-27,2021-07-18,1310110.0,1310110.0,1300970.0,1302916.0,1302857.2,6782169555
1400-04-28,2021-07-19,1304670.0,1311270.0,1304670.0,1311278.0,1311306.0,4378318444
1400-05-04,2021-07-26,1313130.0,1323640.0,1313130.0,1323391.0,1323354.6,4015605714
1400-05-05,2021-07-27,1325050.0,1329370.0,1314920.0,1314954.0,1314909.1,4908506632
1400-05-06,2021-07-28,1315480.0,1320880.0,1315480.0,1316516.0,1316504.6,5442088670
1400-05-09,2021-07-31,1320120.0,1351460.0,1320120.0,1351468.0,1351500.1,6718253017
1400-05-10,2021-08-01,1358070.0,1361730.0,1358070.0,1360281.0,1360246.6,6201045110
1400-05-11,2021-08-02,1360330.0,1361240.0,1357730.0,1357969.0,1357895.2,5721659098
1400-05-12,2021-08-03,1358830.0,1375610.0,1358830.0,1375612.0,1375647.2,6422036871
1400-05-13,2021-08-04,1381500.0,1406060.0,1381500.0,1406058.0,1406040.3,7294600290
1400-05-16,2021-08-07,1415630.0,1417740.0,1407750.0,1407759.0,1407762.2,6959535853
1400-05-17,2021-08-08,1407950.0,1418850.0,1407330.0,1417863.0,1417861.9,5935066908
1400-05-18,2021-08-09,1420480.0,1433170.0,1420480.0,1433176.0,1433201.7,8109751537
1400-05-19,2021-08-10,1436980.0,1453790.0,1436980.0,1453797.0,1453811.7,8162552401
1400-05-20,2021-08-11,1463390.0,1484590.0,1463390.0,1484590.0,1484627.3,8981827908
1400-05-23,2021-08-14,1490390.0,1490390.0,1477570.0,1480830.0,1480803.6,11703148905
1400-05-24,2021-08-15,1481530.0,1500000.0,1480870.0,1500000.0,1499923.4,8861705823
1400-05-31,2021-08-22,1505880.0,1518690.0,1505880.0,1515483.0,1515548.6,11347478380
1400-06-01,2021-08-23,1517100.0,1517100.0,1508590.0,1515886.0,1515923.5,10269649249
1400-06-02,2021-08-24,1518780.0,1543470.0,1518780.0,1543476.0,1543448.3,9736770417
1400-06-03,2021-08-25,1547060.0,1550120.0,1540460.0,1550121.0,1550208.4,10579625098
1400-06-06,2021-08-28,1554870.0,1575760.0,1554870.0,1575764.0,1575762.0,10318601791
1400-06-07,2021-08-29,1581850.0,1585700.0,1572320.0,1573408.0,1573406.5,14455263193
1400-06-08,2021-08-30,1554580.0,1554580.0,1523990.0,1523997.0,1523969.6,11227830549
1400-06-09,2021-08-31,1501550.0,1501550.0,1477720.0,1496156.0,1496150.8,12832386075
1400-06-10,2021-09-01,1500080.0,1520680.0,1500080.0,1520688.0,1520627.1,8564129441
1400-06-13,2021-09-04,1527700.0,1545400.0,1527700.0,1541049.0,1541051.8,9349195923
1400-06-14,2021-09-05,1540130.0,1540130.0,1531560.0,1537271.0,1537192.9,8972644632
1400-06-15,2021-09-06,1539020.0,1545120.0,1538500.0,1538503.0,1538484.5,9585396306
1400-06-16,2021-09-07,1535800.0,1535800.0,1523080.0,1523087.0,1523059.9,8089466398
1400-06-17,2021-09-08,1523170.0,1526500.0,1523170.0,1526009.0,1526008.3,6283974927
1400-06-20,2021-09-11,1532090.0,1538620.0,1530510.0,1530515.0,1530461.8,6520924394
1400-06-21,2021-09-12,1528910.0,1528910.0,1489390.0,1489995.0,1489983.3,5880109268
1400-06-22,2021-09-13,1489550.0,1490140.0,1473360.0,1475274.0,1475224.9,6776223293
1400-06-23,2021-09-14,1476940.0,1497450.0,1476940.0,1496955.0,1496962.7,5839297472
1400-06-24,2021-09-15,1497370.0,1497370.0,1488290.0,1488292.0,1488212.7,5445886674
1400-06-27,2021-09-18,1489160.0,1489160.0,1450220.0,1450221.0,1450225.4,5810963290
1400-06-28,2021-09-19,1448450.0,1448450.0,1420480.0,1420484.0,1420479.0,6079196765
1400-06-29,2021-09-20,1422060.0,1429440.0,1422060.0,1427758.0,1427773.2,5098571373
1400-06-30,2021-09-21,1427870.0,1427870.0,1391210.0,1391220.0,1391236.1,5808778659
1400-06-31,2021-09-22,1392210.0,1393860.0,1379750.0,1386466.0,1386451.0,6443085429
1400-07-03,2021-09-25,1392030.0,1422100.0,1392030.0,1422105.0,1422118.5,5747555915
1400-07-04,2021-09-26,1425890.0,1429250.0,1424570.0,1424719.0,1424732.3,4652684048
1400-07-06,2021-09-28,1425340.0,1431900.0,1425340.0,1425441.0,1425447.4,4822181585
1400-07-07,2021-09-29,1425480.0,1437030.0,1425480.0,1437022.0,1436984.3,5000518771
1400-07-10,2021-10-02,1443220.0,1473480.0,1443220.0,1473480.0,1473476.0,5994461140
1400-07-11,2021-10-03,1476870.0,1481300.0,1474610.0,1476689.0,1476680.3,7055630221
1400-07-12,2021-10-04,1477310.0,1485150.0,1477100.0,1484663.0,1484652.8,4975824181
1400-07-14,2021-10-06,1487400.0,1489290.0,1487400.0,1488301.0,1488264.5,5140158940
1400-07-17,2021-10-09,1488760.0,1488760.0,1465980.0,1465983.0,1466031.4,5095216047
1400-07-18,2021-10-10,1464230.0,1464230.0,1453230.0,1455611.0,1455612.0,4185293066
1400-07-19,2021-10-11,1456500.0,1461130.0,1456500.0,1457480.0,1457493.6,3788688478
1400-07-20,2021-10-12,1454820.0,1454820.0,1418720.0,1418721.0,1418683.0,5118731445
1400-07-21,2021-10-13,1417770.0,1417770.0,1397260.0,1397446.0,1397386.1,4886080618
1400-07-24,2021-10-16,1406010.0,1437440.0,1406010.0,1437445.0,1437465.5,4392107216
1400-07-25,2021-10-17,1444280.0,1445100.0,1436050.0,1436062.0,1436109.9,4930419154
1400-07-26,2021-10-18,1435350.0,1436960.0,1430250.0,1436964.0,1436916.8,4798539230
1400-07-27,2021-10-19,1437810.0,1449650.0,1437810.0,1449472.0,1449496.9,4510391243
1400-07-28,2021-10-20,1449530.0,1449530.0,1436370.0,1436372.0,1436357.1,3710878361
1400-08-01,2021-10-23,1435570.0,1435570.0,1407660.0,1407751.0,1407758.0,4435812722
1400-08-03,2021-10-25,1405040.0,1405040.0,1384100.0,1384111.0,1384133.5,4511599216
1400-08-04,2021-10-26,1382190.0,1384910.0,1381620.0,1384470.0,1384452.2,4136016684
1400-08-05,2021-10-27,1384580.0,1393950.0,1384580.0,1393925.0,1393960.8,3751370164
1400-08-08,2021-10-30,1394770.0,1394770.0,1375720.0,1375720.0,1375669.2,4569374233
1400-08-09,2021-10-31,1375020.0,1375020.0,1340310.0,1340319.0,1340290.8,5262862323
1400-08-10,2021-11-01,1345870.0,1361400.0,1345870.0,1361403.0,1361414.8,3605362716
1400-08-11,2021-11-02,1362700.0,1376090.0,1362700.0,1376094.0,1376091.9,3557859988
1400-08-12,2021-11-03,1377730.0,1398440.0,1377730.0,1398441.0,1398416.5,4379613288
1400-08-15,2021-11-06,1402650.0,1440630.0,1402650.0,1440637.0,1440651.5,3432246848
1400-08-16,2021-11-07,1442440.0,1442950.0,1430950.0,1430960.0,1430892.2,10343729241
1400-08-17,2021-11-08,1429740.0,1435550.0,1426740.0,1434392.0,1434378.9,8279979789
1400-08-18,2021-11-09,1434770.0,1449260.0,1434770.0,1447656.0,1447674.8,7391292653
1400-08-19,2021-11-10,1450520.0,1456530.0,1449180.0,1456523.0,1456479.9,5140830227
1400-08-22,2021-11-13,1450400.0,1450400.0,1439170.0,1439178.0,1439244.4,4284024773
1400-08-23,2021-11-14,1440720.0,1446550.0,1440720.0,1442588.0,1442515.7,5007389134
1400-08-24,2021-11-15,1442230.0,1442230.0,1416330.0,1416340.0,1416298.7,4470305876
1400-08-25,2021-11-16,1414610.0,1414610.0,1408580.0,1408582.0,1408595.7,3417682862
1400-08-26,2021-11-17,1409600.0,1413640.0,1409600.0,1410778.0,1410778.6,3965728673
1400-08-29,2021-11-20,1411560.0,1411560.0,1383480.0,1383485.0,1383491.9,4180063900
1400-08-30,2021-11-21,1383020.0,1386970.0,1381660.0,1386973.0,1386935.3,4557787721
1400-09-01,2021-11-22,1390290.0,1407760.0,1390290.0,1407127.0,1407132.9,4692745831
1400-09-02,2021-11-23,1408720.0,1408720.0,1403670.0,1404612.0,1404551.7,3461638431
1400-09-03,2021-11-24,1404530.0,1404530.0,1394090.0,1394096.0,1394105.7,3957085453
1400-09-06,2021-11-27,1390440.0,1390440.0,1366660.0,1366664.0,1366713.9,3697869525
1400-09-07,2021-11-28,1367100.0,1369900.0,1367090.0,1368014.0,1368005.2,3179889290
1400-09-08,2021-11-29,1368020.0,1369970.0,1363820.0,1363840.0,1363939.0,2695389389
1400-09-09,2021-11-30,1363840.0,1363840.0,1357090.0,1357093.0,1357128.9,3258521386
1400-09-10,2021-12-01,1356780.0,1356780.0,1340110.0,1340121.0,1340071.9,3366264597
1400-09-13,2021-12-04,1341350.0,1342690.0,1333860.0,1334735.0,1334765.9,3223998062
1400-09-14,2021-12-05,1335870.0,1343250.0,1335870.0,1343253.0,1343202.7,2778352452
1400-09-15,2021-12-06,1343510.0,1345570.0,1342290.0,1342343.0,1342353.6,2755443049
1400-09-16,2021-12-07,1341580.0,1341580.0,1337510.0,1337988.0,1338016.0,2343601361
1400-09-17,2021-12-08,1338260.0,1349360.0,1338260.0,1349365.0,1349389.3,4037919484
1400-09-20,2021-12-11,1350120.0,1350440.0,1344440.0,1344448.0,1344441.6,4801350997
1400-09-21,2021-12-12,1342540.0,1342540.0,1320710.0,1320762.0,1320776.7,3811331709
1400-09-22,2021-12-13,1319960.0,1319960.0,1295520.0,1295527.0,1295550.1,4333878064
1400-09-23,2021-12-14,1293200.0,1293200.0,1288810.0,1291798.0,1291839.4,3951692553
1400-09-24,2021-12-15,1292090.0,1296370.0,1292090.0,1293213.0,1293237.9,3667776872
1400-09-27,2021-12-18,1295400.0,1305570.0,1295400.0,1305577.0,1305535.5,3997654564
1400-09-28,2021-12-19,1306180.0,1306180.0,1291660.0,1291666.0,1291675.8,3514779588
1400-09-29,2021-12-20,1292940.0,1301510.0,1292940.0,1301517.0,1301542.3,3795874634
1400-09-30,2021-12-21,1302570.0,1318460.0,1302570.0,1318467.0,1318359.7,3377664553
1400-10-01,2021-12-22,1321750.0,1359010.0,1321750.0,1359011.0,1359024.5,4385161573
1400-10-04,2021-12-25,1367290.0,1387120.0,1367290.0,1385528.0,1385504.6,5998858611
1400-10-05,2021-12-26,1384990.0,1384990.0,1379160.0,1384015.0,1383987.9,4587444486
1400-10-06,2021-12-27,1386050.0,1401250.0,1386050.0,1400290.0,1400314.6,5415616618
1400-10-07,2021-12-28,1399970.0,1399970.0,1397100.0,1399889.0,1399910.9,4498907423
1400-10-08,2021-12-29,1400140.0,1400980.0,1397350.0,1397358.0,1397311.4,5429556601
1400-10-11,2022-01-01,1396330.0,1396330.0,1378890.0,1378895.0,1378777.4,3940751710
1400-10-12,2022-01-02,1378600.0,1380640.0,1378600.0,1378984.0,1379041.1,2964382580
1400-10-13,2022-01-03,1379100.0,1380040.0,1376060.0,1376070.0,1376049.3,2981327219
1400-10-14,2022-01-04,1375900.0,1375900.0,1362790.0,1362795.0,1362828.6,3298636722
1400-10-15,2022-01-05,1362820.0,1363180.0,1362340.0,1363123.0,1363095.8,2724471905
1400-10-18,2022-01-08,1363230.0,1367520.0,1362340.0,1362439.0,1362458.0,5180052768
1400-10-19,2022-01-09,1362250.0,1362250.0,1336770.0,1336779.0,1336820.7,4201865742
1400-10-20,2022-01-10,1335890.0,1335890.0,1330160.0,1332642.0,1332755.6,4465580312
1400-10-21,2022-01-11,1333640.0,1338330.0,1333640.0,1334702.0,1334703.5,3973443239
1400-10-22,2022-01-12,1334730.0,1335410.0,1334280.0,1334284.0,1334265.0,3356052965
1400-10-25,2022-01-15,1334340.0,1334340.0,1322620.0,1322632.0,1322569.8,3774945135
1400-10-26,2022-01-16,1322280.0,1322280.0,1310820.0,1310877.0,1310804.5,3208295790
1400-10-27,2022-01-17,1311180.0,1314220.0,1306530.0,1306531.0,1306472.1,3746843575
1400-10-28,2022-01-18,1305650.0,1305650.0,1275930.0,1275936.0,1275966.4,4504674260
1400-10-29,2022-01-19,1275020.0,1279500.0,1274600.0,1279450.0,1279393.9,3436299699
1400-11-02,2022-01-22,1285390.0,1286700.0,1281800.0,1281803.0,1281801.0,3521012062
1400-11-03,2022-01-23,1280920.0,1280920.0,1256540.0,1256547.0,1256512.8,4622360998
1400-11-04,2022-01-24,1255450.0,1255450.0,1234680.0,1234689.0,1234707.7,3361522069
1400-11-05,2022-01-25,1233940.0,1233940.0,1207990.0,1207991.0,1207926.7,5442842578
1400-11-06,2022-01-26,1213820.0,1229420.0,1213820.0,1229423.0,1229368.4,4489233096
1400-11-09,2022-01-29,1233380.0,1258970.0,1233380.0,1258963.0,1258995.1,3360744518
1400-11-10,2022-01-30,1267830.0,1284570.0,1267830.0,1284578.0,1284647.4,4845764628
1400-11-11,2022-01-31,1285260.0,1294670.0,1285250.0,1294670.0,1294619.1,5534972786
1400-11-12,2022-02-01,1297220.0,1301430.0,1297220.0,1301298.0,1301234.0,6739483619
1400-11-13,2022-02-02,1301360.0,1301360.0,1299120.0,1301197.0,1301161.5,5564176410
1400-11-16,2022-02-05,1304100.0,1306380.0,1304100.0,1304437.0,1304411.1,4554466859
1400-11-17,2022-02-06,1303820.0,1303820.0,1281960.0,1282050.0,1282050.0,5468330997
1400-11-18,2022-02-07,1278700.0,1278700.0,1274390.0,1274488.0,1274467.5,4522006028
1400-11-19,2022-02-08,1275710.0,1281460.0,1275710.0,1281169.0,1281075.4,4433649689
1400-11-20,2022-02-09,1281340.0,1284120.0,1279280.0,1284120.0,1284160.1,4587036413
1400-11-23,2022-02-12,1285030.0,1285800.0,1284100.0,1284108.0,1284061.7,4879553227
1400-11-24,2022-02-13,1284190.0,1284190.0,1276020.0,1276044.0,1275996.2,3676757619
1400-11-25,2022-02-14,1277410.0,1283350.0,1277410.0,1283344.0,1283324.2,3240409303
1400-11-27,2022-02-16,1283540.0,1283720.0,1282470.0,1282475.0,1282411.4,2952216315
1400-11-30,2022-02-19,1282940.0,1283210.0,1281990.0,1282130.0,1282190.8,4405539846
1400-12-01,2022-02-20,1282460.0,1282600.0,1274290.0,1274401.0,1274304.7,3727731326
1400-12-02,2022-02-21,1275260.0,1282970.0,1275260.0,1281568.0,1281589.4,6044409551
1400-12-03,2022-02-22,1282760.0,1285140.0,1282760.0,1284826.0,1284876.1,4422020825
1400-12-04,2022-02-23,1285420.0,1288340.0,1285420.0,1288337.0,1288310.3,4058576221
1400-12-07,2022-02-26,1287720.0,1287720.0,1282790.0,1282797.0,1282870.8,4386324762
1400-12-08,2022-02-27,1282440.0,1282440.0,1278880.0,1279302.0,1279292.7,2870301032
1400-12-09,2022-02-28,1279670.0,1281870.0,1279670.0,1281847.0,1281934.2,3114364383
1400-12-11,2022-03-02,1283490.0,1284660.0,1280900.0,1281153.0,1281190.8,5504532545
1400-12-14,2022-03-05,1286890.0,1298810.0,1286890.0,1298819.0,1298782.7,8431989253
1400-12-15,2022-03-06,1303940.0,1322610.0,1303940.0,1322616.0,1322598.5,7988835321
1400-12-16,2022-03-07,1328360.0,1344950.0,1328360.0,1342924.0,1342906.7,7952598827
1400-12-17,2022-03-08,1341830.0,1341830.0,1336640.0,1336642.0,1336569.2,5505115862
1400-12-18,2022-03-09,1338400.0,1348340.0,1338400.0,1348349.0,1348303.3,6351207917
1400-12-21,2022-03-12,1340770.0,1340770.0,1332940.0,1332949.0,1332933.3,7539533037
1400-12-22,2022-03-13,1332270.0,1335760.0,1331760.0,1335312.0,1335376.4,4474518130
1400-12-23,2022-03-14,1335620.0,1336760.0,1334780.0,1334781.0,1334776.9,3542225724
1400-12-24,2022-03-15,1334500.0,1337910.0,1334420.0,1337269.0,1337223.2,4977068562
1400-12-25,2022-03-16,1339240.0,1345030.0,1339240.0,1345031.0,1345018.2,4191591985
1400-12-28,2022-03-19,1347800.0,1367240.0,1347800.0,1367247.0,1367250.3,5431365028
1401-01-06,2022-03-26,1374190.0,1390770.0,1374190.0,1390778.0,1390859.7,8730585991
1401-01-07,2022-03-27,1391710.0,1403590.0,1391710.0,1403591.0,1403617.9,7640979813
1401-01-08,2022-03-28,1404460.0,1418610.0,1404460.0,1418611.0,1418651.9,9948573423
1401-01-09,2022-03-29,1422940.0,1422940.0,1414230.0,1414232.0,1414249.5,12356809626
1401-01-10,2022-03-30,1413500.0,1432170.0,1411940.0,1432138.0,1432106.5,7400595096
1401-01-14,2022-04-03,1434650.0,1461960.0,1434650.0,1461963.0,1462003.0,9496208580
1401-01-15,2022-04-04,1468890.0,1476900.0,1468870.0,1468872.0,1468820.1,13936566360
1401-01-16,2022-04-05,1467850.0,1471450.0,1465200.0,1471457.0,1471438.4,9625565759
1401-01-17,2022-04-06,1472840.0,1473520.0,1463740.0,1463743.0,1463779.7,11165395785
1401-01-20,2022-04-09,1460550.0,1460550.0,1451760.0,1458684.0,1458772.7,8423628503
1401-01-21,2022-04-10,1461710.0,1474240.0,1461710.0,1474100.0,1474113.0,11270947735
1401-01-22,2022-04-11,1475490.0,1479890.0,1475300.0,1479591.0,1479493.0,10070884564
1401-01-23,2022-04-12,1474000.0,1474000.0,1445960.0,1445970.0,1446026.9,9289109331
1401-01-24,2022-04-13,1443170.0,1454120.0,1443170.0,1454127.0,1454129.3,8473206930
1401-01-27,2022-04-16,1457810.0,1467660.0,1457810.0,1467669.0,1467644.8,7494763045
1401-01-28,2022-04-17,1468090.0,1475050.0,1465590.0,1475054.0,1475058.6,8645131543
1401-01-29,2022-04-18,1478780.0,1503470.0,1478780.0,1501713.0,1501842.6,10668521985
1401-01-30,2022-04-19,1500930.0,1513060.0,1499890.0,1513067.0,1513105.7,8464317027
1401-01-31,2022-04-20,1515120.0,1515730.0,1511160.0,1512287.0,1512219.1,8789038421
1401-02-04,2022-04-24,1513370.0,1513370.0,1504710.0,1504718.0,1504715.6,7048267553
1401-02-05,2022-04-25,1504680.0,1507310.0,1502270.0,1507311.0,1507249.3,7873067515
1401-02-06,2022-04-26,1508830.0,1522920.0,1508830.0,1522781.0,1522868.2,10785886694
1401-02-07,2022-04-27,1524440.0,1526480.0,1521390.0,1521392.0,1521423.3,10177680160
1401-02-10,2022-04-30,1521760.0,1523860.0,1521470.0,1522484.0,1522439.4,7980899328
1401-02-11,2022-05-01,1522900.0,1525770.0,1522390.0,1523422.0,1523471.2,8536165651
1401-02-12,2022-05-02,1523890.0,1529780.0,1523100.0,1529709.0,1529717.5,7386800132
1401-02-17,2022-05-07,1535860.0,1543790.0,1535860.0,1543797.0,1543847.5,9487608829
1401-02-18,2022-05-08,1547240.0,1552990.0,1547240.0,1552998.0,1553041.8,10278017846
1401-02-19,2022-05-09,1553820.0,1553820.0,1540130.0,1540137.0,1540099.2,9677311994
1401-02-20,2022-05-10,1539260.0,1539530.0,1535000.0,1539531.0,1539530.7,7252299560
1401-02-21,2022-05-11,1543510.0,1564440.0,1543510.0,1564449.0,1564449.1,8818936682
1401-02-24,2022-05-14,1569470.0,1578440.0,1569470.0,1578411.0,1578410.9,11231749286
1401-02-25,2022-05-15,1579760.0,1579990.0,1569950.0,1572980.0,1572979.8,10885932814
1401-02-26,2022-05-16,1575270.0,1583800.0,1575270.0,1583800.0,1583800.5,10148885600
1401-02-27,2022-05-17,1588770.0,1607220.0,1588770.0,1606024.0,1606024.3,10239274235
1401-02-28,2022-05-18,1605300.0,1605300.0,1594970.0,1594978.0,1594977.7,8283025474
1401-02-31,2022-05-21,1591530.0,1591530.0,1579690.0,1579691.0,1579686.7,8136842521
1401-03-01,2022-05-22,1579740.0,1582320.0,1579740.0,1582144.0,1582222.7,6746482935
1401-03-02,2022-05-23,1582500.0,1582500.0,1557200.0,1557211.0,1557210.6,10543927322
1401-03-03,2022-05-24,1556930.0,1556930.0,1555660.0,1555689.0,1555689.0,6541335303
1401-03-04,2022-05-25,1557800.0,1564480.0,1557800.0,1564488.0,1564487.5,6900376730
1401-03-07,2022-05-28,1566820.0,1568120.0,1553370.0,1553402.0,1553401.9,7698783533
1401-03-08,2022-05-29,1552010.0,1552010.0,1532910.0,1534057.0,1534057.1,7474722370
1401-03-09,2022-05-30,1535400.0,1538230.0,1535400.0,1537380.0,1537380.3,5769524542
1401-03-10,2022-05-31,1537420.0,1542990.0,1537420.0,1542711.0,1542711.1,4998904433
1401-03-11,2022-06-01,1542830.0,1543680.0,1540170.0,1541980.0,1541980.0,5070499301
1401-03-16,2022-06-06,1541460.0,1541460.0,1514300.0,1514310.0,1514310.0,6989831853
1401-03-17,2022-06-07,1513320.0,1516000.0,1512920.0,1515388.0,1515387.7,4619073333
1401-03-18,2022-06-08,1515760.0,1520300.0,1515760.0,1520299.0,1520298.7,3876978524
1401-03-21,2022-06-11,1520690.0,1520690.0,1518020.0,1518290.0,1518289.8,4465984729
1401-03-22,2022-06-12,1518170.0,1532380.0,1517330.0,1532387.0,1532387.2,5277717960
1401-03-23,2022-06-13,1536850.0,1571440.0,1536850.0,1571447.0,1571445.2,6775511396
1401-03-24,2022-06-14,1572860.0,1574720.0,1572860.0,1574065.0,1574065.3,6416270653
1401-03-25,2022-06-15,1573720.0,1573720.0,1564040.0,1564334.0,1564334.0,4076206328
1401-03-28,2022-06-18,1563220.0,1563570.0,1547700.0,1547738.0,1547738.5,5318032512
1401-03-29,2022-06-19,1546610.0,1548540.0,1545960.0,1545963.0,1545962.9,5438961872
1401-03-30,2022-06-20,1546860.0,1550110.0,1546860.0,1547247.0,1547247.2,5062568220
1401-03-31,2022-06-21,1547320.0,1547320.0,1539620.0,1539632.0,1539632.2,3896452801
1401-04-01,2022-06-22,1539570.0,1539600.0,1533390.0,1533395.0,1533393.9,4648684516
1401-04-04,2022-06-25,1532570.0,1532580.0,1520330.0,1520335.0,1520334.9,5985742743
1401-04-05,2022-06-26,1520440.0,1520440.0,1501340.0,1501340.0,1501340.0,5287693332
1401-04-06,2022-06-27,1501130.0,1504080.0,1500900.0,1504065.0,1504065.4,4802010386
1401-04-07,2022-06-28,1505160.0,1514800.0,1505160.0,1514434.0,1514434.5,4392836645
1401-04-08,2022-06-29,1513560.0,1513720.0,1512410.0,1513716.0,1513715.5,4550450312
1401-04-11,2022-07-02,1512500.0,1512500.0,1501630.0,1501632.0,1501631.9,4825953209
1401-04-12,2022-07-03,1501610.0,1502980.0,1500210.0,1502986.0,1502986.2,3772114672
1401-04-13,2022-07-04,1503640.0,1507450.0,1503640.0,1507157.0,1507156.8,3925103558
1401-04-14,2022-07-05,1507310.0,1511070.0,1507200.0,1511076.0,1511075.5,4475750321
1401-04-15,2022-07-06,1510270.0,1510270.0,1502590.0,1502604.0,1502603.8,4201528023
1401-04-18,2022-07-09,1504130.0,1504130.0,1498500.0,1498513.0,1498512.7,3907349262
1401-04-20,2022-07-11,1499050.0,1499050.0,1487590.0,1487598.0,1487597.8,4809381296
1401-04-21,2022-07-12,1486950.0,1486950.0,1480250.0,1483535.0,1483534.7,4238822856
1401-04-22,2022-07-13,1487450.0,1490550.0,1487450.0,1490052.0,1490051.8,3713030356
1401-04-25,2022-07-16,1490150.0,1490150.0,1480040.0,1480051.0,1480051.2,4176484117
1401-04-26,2022-07-17,1480280.0,1480280.0,1468430.0,1469832.0,1469832.5,3451380723
1401-04-28,2022-07-19,1469790.0,1470710.0,1468650.0,1468893.0,1468893.1,2413418868
1401-04-29,2022-07-20,1468970.0,1471890.0,1468970.0,1471898.0,1471898.2,2030870621
1401-05-01,2022-07-23,1474080.0,1477390.0,1473490.0,1473499.0,1473499.1,3549576731
1401-05-02,2022-07-24,1473950.0,1473950.0,1463760.0,1463764.0,1463758.4,3653476952
1401-05-03,2022-07-25,1462860.0,1462860.0,1439260.0,1439417.0,1439416.8,3973888902
1401-05-04,2022-07-26,1439500.0,1441460.0,1438180.0,1438448.0,1438448.4,3456940908
1401-05-05,2022-07-27,1438740.0,1444240.0,1438740.0,1443713.0,1443712.6,2840138232
1401-05-08,2022-07-30,1444410.0,1449040.0,1440870.0,1440870.0,1440855.3,3190866612
1401-05-09,2022-07-31,1440510.0,1440510.0,1423100.0,1423497.0,1423496.7,4329691304
1401-05-10,2022-08-01,1424030.0,1427650.0,1424030.0,1427606.0,1427605.6,2652564405
1401-05-11,2022-08-02,1427770.0,1430020.0,1427770.0,1430021.0,1430021.0,2848514896
1401-05-12,2022-08-03,1430510.0,1437360.0,1430510.0,1437361.0,1437360.8,3680889624
1401-05-15,2022-08-06,1438860.0,1448920.0,1438860.0,1448923.0,1448922.6,4157196019
1401-05-18,2022-08-09,1449260.0,1452980.0,1448400.0,1451942.0,1451941.9,4906223988
1401-05-19,2022-08-10,1452320.0,1452900.0,1448460.0,1448464.0,1448464.5,3550910390
1401-05-22,2022-08-13,1451150.0,1467100.0,1451150.0,1467101.0,1467100.6,5239433036
1401-05-23,2022-08-14,1470230.0,1470230.0,1463650.0,1463654.0,1463653.5,6176494488
1401-05-24,2022-08-15,1463770.0,1464020.0,1461490.0,1463698.0,1463697.6,6474478937
1401-05-25,2022-08-16,1467070.0,1467230.0,1459500.0,1459501.0,1459500.6,7636021437
1401-05-26,2022-08-17,1460750.0,1460750.0,1451390.0,1451399.0,1451404.1,7264924670
1401-05-29,2022-08-20,1449960.0,1449960.0,1438810.0,1438819.0,1438819.2,5343986018
1401-05-30,2022-08-21,1438890.0,1439380.0,1429890.0,1429907.0,1429906.8,4313991576
1401-05-31,2022-08-22,1430170.0,1431420.0,1424480.0,1424497.0,1424490.9,5077543005
1401-06-01,2022-08-23,1424950.0,1431470.0,1424950.0,1431474.0,1431477.2,4845940936
1401-06-02,2022-08-24,1431670.0,1442400.0,1431670.0,1442373.0,1442372.9,5447693536
1401-06-05,2022-08-27,1443410.0,1451110.0,1443410.0,1450045.0,1450045.2,5398056604
1401-06-06,2022-08-28,1449530.0,1449530.0,1444080.0,1444087.0,1444086.8,5253074301
1401-06-07,2022-08-29,1444320.0,1446490.0,1444320.0,1445139.0,1445139.0,3917656157
1401-06-08,2022-08-30,1445610.0,1445770.0,1441210.0,1441217.0,1441217.1,3800683045
1401-06-09,2022-08-31,1441350.0,1441350.0,1439370.0,1439376.0,1439396.4,3441115707
1401-06-12,2022-09-03,1438770.0,1438770.0,1426930.0,1426941.0,1426941.2,4127301895
1401-06-13,2022-09-04,1427110.0,1427540.0,1426900.0,1426908.0,1426908.2,2885700678
1401-06-14,2022-09-05,1427560.0,1428860.0,1426770.0,1426780.0,1426779.6,3195781111
1401-06-15,2022-09-06,1426970.0,1426970.0,1420830.0,1420834.0,1420834.1,3121696533
1401-06-16,2022-09-07,1421100.0,1421130.0,1412850.0,1412859.0,1412856.5,3271956262
1401-06-19,2022-09-10,1412410.0,1412410.0,1397430.0,1397434.0,1397434.5,3692365098
1401-06-20,2022-09-11,1397410.0,1397410.0,1390730.0,1390732.0,1390732.4,3309090789
1401-06-21,2022-09-12,1390940.0,1392530.0,1388920.0,1388970.0,1388970.4,3332190140
1401-06-22,2022-09-13,1389220.0,1393400.0,1389220.0,1393127.0,1393126.7,3724978547
1401-06-23,2022-09-14,1393690.0,1394120.0,1389070.0,1389080.0,1389099.0,3142825594
1401-06-27,2022-09-18,1389010.0,1389010.0,1377910.0,1377918.0,1377917.5,3137217995
1401-06-28,2022-09-19,1377880.0,1377880.0,1373820.0,1373821.0,1373821.4,2932375350
1401-06-29,2022-09-20,1373940.0,1373940.0,1367060.0,1367060.0,1367060.4,2870983028
1401-06-30,2022-09-21,1366380.0,1366380.0,1355220.0,1355241.0,1355240.9,3064290056
1401-07-02,2022-09-24,1354480.0,1354480.0,1328180.0,1328187.0,1328185.9,4240935735
1401-07-04,2022-09-26,1327940.0,1334440.0,1327940.0,1334448.0,1334448.1,3109279792
1401-07-06,2022-09-28,1335020.0,1346770.0,1335020.0,1346564.0,1346563.5,3430874071
1401-07-09,2022-10-01,1346240.0,1346240.0,1330870.0,1330879.0,1330879.1,4388547209
1401-07-10,2022-10-02,1330480.0,1330480.0,1322020.0,1322026.0,1322025.8,3466361632
1401-07-11,2022-10-03,1322200.0,1322590.0,1318710.0,1318714.0,1318714.2,2898387484
1401-07-12,2022-10-04,1318820.0,1318820.0,1313800.0,1313853.0,1313853.1,2480022229
1401-07-16,2022-10-08,1314650.0,1318280.0,1314650.0,1316721.0,1316721.1,2963611984
1401-07-17,2022-10-09,1315900.0,1315900.0,1305070.0,1305083.0,1305083.0,3760512199
1401-07-18,2022-10-10,1305360.0,1305760.0,1302730.0,1303920.0,1303920.4,3030432152
1401-07-19,2022-10-11,1304500.0,1313580.0,1304500.0,1313578.0,1313583.9,3196965229
1401-07-20,2022-10-12,1313960.0,1319780.0,1313960.0,1319790.0,1319789.7,2842450241
1401-07-23,2022-10-15,1319830.0,1319980.0,1317890.0,1317894.0,1317894.2,2743719853
1401-07-24,2022-10-16,1317870.0,1317870.0,1311280.0,1311282.0,1311288.6,3207076004
1401-07-25,2022-10-17,1311240.0,1311260.0,1310590.0,1311099.0,1311109.9,2815070501
1401-07-26,2022-10-18,1311480.0,1313870.0,1311480.0,1312563.0,1312563.2,2488357450
1401-07-27,2022-10-19,1312480.0,1312490.0,1310160.0,1310166.0,1310165.9,2030745102
1401-07-30,2022-10-22,1311140.0,1311950.0,1308940.0,1308960.0,1308960.0,2397785819
1401-08-01,2022-10-23,1309410.0,1309410.0,1296790.0,1296798.0,1296797.8,3069738522
1401-08-02,2022-10-24,1295740.0,1295740.0,1277730.0,1277737.0,1277736.9,3472720212
1401-08-03,2022-10-25,1277440.0,1277690.0,1267050.0,1267061.0,1267060.7,3278342203
1401-08-04,2022-10-26,1266700.0,1266700.0,1241030.0,1241044.0,1241067.1,4712224520
1401-08-07,2022-10-29,1243480.0,1247070.0,1243480.0,1244627.0,1244627.3,4401161572
1401-08-08,2022-10-30,1245160.0,1254460.0,1245160.0,1254465.0,1254464.8,3568132950
1401-08-09,2022-10-31,1255020.0,1269830.0,1255020.0,1269833.0,1269833.4,3845518105
1401-08-10,2022-11-01,1270990.0,1280460.0,1270990.0,1280456.0,1280456.2,3809854928
1401-08-11,2022-11-02,1280550.0,1283540.0,1279310.0,1283541.0,1283540.8,3508984882
1401-08-14,2022-11-05,1285820.0,1328320.0,1285820.0,1328324.0,1328324.1,6342982065
1401-08-15,2022-11-06,1332340.0,1344670.0,1332340.0,1344676.0,1344675.9,5752446089
1401-08-16,2022-11-07,1347170.0,1389750.0,1347170.0,1389753.0,1389752.6,7914594060
1401-08-17,2022-11-08,1400470.0,1413250.0,1400470.0,1407734.0,1407734.1,11288502166
1401-08-18,2022-11-09,1406710.0,1414340.0,1402660.0,1414348.0,1414356.2,8349630989
1401-08-21,2022-11-12,1417180.0,1426920.0,1417180.0,1426096.0,1426096.0,6303846352
1401-08-22,2022-11-13,1425510.0,1425510.0,1419120.0,1419140.0,1419140.2,5889104181
1401-08-23,2022-11-14,1419020.0,1419020.0,1408100.0,1408174.0,1408174.3,5068396946
1401-08-24,2022-11-15,1408500.0,1411070.0,1408500.0,1410460.0,1410423.9,4049066239
1401-08-25,2022-11-16,1410530.0,1413590.0,1409680.0,1413574.0,1413573.7,4106520700
1401-08-28,2022-11-19,1411960.0,1411960.0,1393060.0,1393064.0,1393086.2,5308220696
1401-08-29,2022-11-20,1396160.0,1404640.0,1396160.0,1404627.0,1404627.2,5729570568
1401-08-30,2022-11-21,1406340.0,1409280.0,1406340.0,1408598.0,1408597.9,6907390911
1401-09-01,2022-11-22,1408220.0,1408220.0,1406690.0,1407654.0,1407654.1,5825842203
1401-09-02,2022-11-23,1408300.0,1411240.0,1408300.0,1410188.0,1410188.2,5155785427
1401-09-05,2022-11-26,1411030.0,1412180.0,1408200.0,1408209.0,1408210.9,5213994431
1401-09-06,2022-11-27,1408070.0,1408070.0,1405730.0,1406190.0,1406202.0,5023683573
1401-09-07,2022-11-28,1406900.0,1408340.0,1406900.0,1408348.0,1408348.5,4910959865
1401-09-08,2022-11-29,1408340.0,1414200.0,1408340.0,1414205.0,1414204.6,4917791296
1401-09-09,2022-11-30,1415100.0,1418470.0,1415100.0,1417372.0,1417371.8,3888551923
1401-09-12,2022-12-03,1417560.0,1419190.0,1417120.0,1417720.0,1417719.8,4059188164
1401-09-13,2022-12-04,1418280.0,1419720.0,1417830.0,1417840.0,1417839.4,5357446033
1401-09-14,2022-12-05,1418200.0,1418560.0,1413600.0,1413605.0,1413604.7,4511480985
1401-09-15,2022-12-06,1413620.0,1413620.0,1409400.0,1409404.0,1409404.4,4960379527
1401-09-16,2022-12-07,1410860.0,1410860.0,1402820.0,1402830.0,1402830.4,7208061842
1401-09-19,2022-12-10,1402200.0,1402200.0,1383730.0,1383738.0,1383737.5,6152820063
1401-09-20,2022-12-11,1383740.0,1389360.0,1383740.0,1389362.0,1389362.2,5763284724
1401-09-21,2022-12-12,1389860.0,1409370.0,1389860.0,1409355.0,1409355.1,7419930511
1401-09-22,2022-12-13,1412120.0,1454480.0,1412120.0,1454482.0,1454468.2,9024345669
1401-09-23,2022-12-14,1462130.0,1474250.0,1462130.0,1472760.0,1472760.5,6401465487
1401-09-26,2022-12-17,1472250.0,1472250.0,1468910.0,1469933.0,1469933.2,5832408297
1401-09-27,2022-12-18,1472740.0,1500240.0,1472740.0,1500242.0,1500241.8,8079761479
1401-09-28,2022-12-19,1501030.0,1505280.0,1499680.0,1500909.0,1500908.6,9426158789
1401-09-29,2022-12-20,1501040.0,1501040.0,1492090.0,1492095.0,1492095.1,6776675269
1401-09-30,2022-12-21,1492600.0,1496370.0,1492600.0,1496201.0,1496200.8,6185140338
1401-10-03,2022-12-24,1500750.0,1538000.0,1500750.0,1538003.0,1538003.2,10103385881
1401-10-04,2022-12-25,1547140.0,1563560.0,1547140.0,1563567.0,1563567.4,10776995540
1401-10-05,2022-12-26,1566820.0,1576410.0,1563160.0,1576397.0,1576396.8,9446689906
1401-10-07,2022-12-28,1588820.0,1647310.0,1588820.0,1647314.0,1647314.5,15175183890
1401-10-10,2022-12-31,1619840.0,1619840.0,1590490.0,1590496.0,1590495.5,13499382402
